id,wave1,wave2,wave3,treatment,not_traced_account_opening,inlogs,filled_log,bg_gender,bg_boda,bg_malevendor,bg_femalevendor,bg_married,bg_num_children,bg_age,bg_kis_read,bg_kis_write,bg_rosca_contrib_lyr,bg_educ,bg_rosca,bg_animalsvalue,bg_durvalue_hh,bg_totalinc_lastweek,bg_loan_bank,bg_loan_friend,bg_healthstatus,per_hard_save,per_invest_choice2,per_somewhat_patient,per_time_consistent,per_hyperbolic,per_pat_now_impat_later,per_maximpat,per_fwd_digit_score2,per_ravens_matrix,total_dep_savings,num_trans_savings,first6_num_trans_savings,num_dep_savings,first6_dep_savings,num_wd_savings,first6_wd_savings,mean_dep_b,median_dep_b,mean_wd_b,median_wd_b,total_dep_shares,first6_dep_shares,total_dep_loan,first6_dep_loan,total_wd_loan,first6_wd_loan,exp_total,exp_food,exp_tot_private,tot_flow_out,tot_flow_spouse,bank_savings,rosca_contrib,animal_savings,total_hours,investment,investment_t5,revenues,revenues_t5
362,1,0,0,0,NA,NA,NA,0,0,0,1,NA,NA,NA,NA,NA,NA,NA,NA,NA,NA,NA,NA,NA,NA,NA,NA,NA,NA,NA,NA,NA,NA,NA,NA,NA,NA,NA,NA,NA,NA,NA,NA,NA,NA,NA,NA,NA,NA,NA,NA,NA,NA,NA,NA,NA,NA,NA,NA,NA,NA,NA,NA,NA
364,1,0,0,0,NA,1,1,0,0,0,1,1,4,32,1,1,1000,8,1,676.0588379,0,300,0,0,3,1,70,0,0,0,0,1,3,0.5,150,1,0,1,0,0,0,125,125,NA,NA,0,0,0,0,0,0,87.16666412,81.22222137,6.470588207,0,-27.64705849,23.52941132,32.94117737,0,5.818627357,398.5294189,398.5294189,365.722229,365.722229
365,1,0,0,1,1,0,NA,0,0,0,1,NA,NA,NA,NA,NA,NA,NA,NA,NA,NA,NA,NA,NA,NA,NA,NA,NA,NA,NA,NA,NA,NA,NA,NA,NA,NA,NA,NA,NA,NA,NA,NA,NA,NA,NA,NA,NA,NA,NA,NA,NA,NA,NA,NA,NA,NA,NA,NA,NA,NA,NA,NA,NA
366,1,0,0,0,NA,1,1,0,0,0,1,0,0,23,1,1,0,8,0,0,0,150,0,0,4,1,40,0,1,0,0,0,1,0.5833333135,83575,15,0,3,0,12,0,19675,19675,3886,4000,5100,0,10549,0,22470,0,426.4833374,351.0166626,19.25,0,NA,0,37,1.166666627,2.822222233,1561.5,146.7346954,2625.666748,23.63636398
367,1,0,0,0,NA,1,0.9259259105,0,0,0,1,1,0,32,0,0,0,3,0,0,0,100,0,0,2,0,70,0,0,1,0,0,3,0.8333333135,5000,5,0,4,0,1,0,1020,1000,5000,5000,0,0,0,0,0,0,273.5370483,109.7399979,28.31999969,-22.39999962,-15.60000038,-0.8000000119,35.20000076,17.39999962,8.020833015,156.6000061,156.6000061,90,90
368,1,0,0,0,NA,1,0.9888888597,0,0,0,1,1,3,40,1,1,3500,12,1,845.0735474,0,250,0,0,2,1,100,0,0,0,0,1,3,0.6666666865,10435,33,0,28,0,5,0,NA,NA,NA,NA,10200,0,34400,0,60000,0,100.3888855,61.62921524,9.636363983,61.81818008,-6.818181992,2.272727251,22.95454597,0,8.213825226,277.8977356,235.1149445,236.6853943,236.6853943
369,1,0,0,0,NA,1,0.9772727489,1,1,0,0,1,1,24,1,1,0,6,0,0,0,300,0,0,3,NA,NA,NA,NA,NA,NA,NA,NA,NA,40100,5,0,5,0,0,0,100,100,NA,NA,0,0,0,0,0,0,74.9431839,51.4883728,5.488372326,4.13953495,7.674418449,0,0,0,5.139801025,10.33333302,10.33333302,57.38806152,57.38806152
371,1,0,0,0,NA,1,1,1,1,0,0,0,2,36,1,1,0,7,0,5983.103027,0,700,0,1,2,NA,NA,NA,NA,NA,NA,NA,NA,NA,0,0,0,0,0,0,0,100,100,NA,NA,0,0,0,0,0,0,543.6966553,124.7977524,89.12359619,-14.04494381,NA,7.415730476,15.28089905,42.69662857,8.838889122,9.930555344,9.930555344,91.1728363,91.1728363
372,1,0,0,1,0,1,0.9887640476,1,1,0,0,1,1,30,1,1,3000,8,1,17403.55469,0,700,0,0,3,1,60,0,1,0,0,0,6,0.9166666865,9355,22,1,20,50,2,0,NA,NA,NA,NA,0,0,0,0,0,0,113.4382019,56.45454407,29.03409004,-21.39772797,61.53409195,0,34.77272797,2.5,6.93455267,11.45161247,11.45161247,58.69863129,58.69863129
374,1,0,0,1,0,1,0.910112381,1,1,0,0,1,1,35,1,1,0,5,0,1690.147095,0,450,0,0,4,1,80,1,1,0,0,0,2,0.08333333582,400,7,7,4,400,3,400,100,100,133.3333282,150,0,0,0,0,0,0,264,96.14814758,62.24691391,-4.135802269,14.9285717,0,50.06172943,13.58024693,7.292465687,14.40677929,14.40677929,74.69512177,74.69512177
375,1,0,0,1,0,1,0.9375,1,1,0,0,1,3,30,1,1,0,8,0,3042.264648,0,70,0,0,4,1,100,0,1,0,0,0,3,0.3333333433,0,0,0,0,0,0,0,100,100,NA,NA,0,0,0,0,0,0,79.08333588,41.55555725,15.39999962,-12.51111126,14.7435894,0,8.888889313,0,9.87361145,9,9,84.55263519,84.55263519
377,1,0,0,1,0,1,0.9242424369,1,1,0,0,1,2,24,1,1,12000,9,1,NA,NA,150,0,0,3,1,40,0,0,0,0,1,2,0.1666666716,0,0,0,0,0,0,0,100,100,NA,NA,0,0,0,0,0,0,52.31818008,10.62295055,12.91803265,40.1639328,-0.5454545617,0,0,0,7.47266674,16.47058868,16.47058868,93.2307663,93.2307663
380,1,0,0,0,NA,1,0.8999999762,0,0,0,1,0,3,45,1,1,0,7,0,0,0,1600,0,0,2,1,50,0,0,1,0,0,3,0.08333333582,0,0,0,0,0,0,0,100,100,NA,NA,0,0,0,0,0,0,71.44285583,44.50793839,11.82539654,36.61904907,NA,0,16.4285717,0,8.869086266,266.6666565,266.6666565,291.3492126,291.3492126
381,1,0,0,1,0,1,0.9540230036,1,1,0,0,1,2,29,1,1,8000,8,1,15758.48047,0,500,0,1,3,1,60,0,0,0,0,1,2,0.4166666567,400,3,2,3,200,0,0,100,100,NA,NA,0,0,0,0,0,0,252,146.108429,53.9146347,4.197530746,29.60000038,-1.234567881,0,81.7530899,3.058201075,20.234375,20.234375,18.8571434,18.8571434
382,1,0,0,1,0,1,0.9886363745,1,1,0,0,1,2,21,1,1,2880,6,1,2307.044189,0,50,0,NA,4,0,50,0,0,1,0,0,3,0.25,113,4,4,3,113,1,100,53.25,41.5,100,100,0,0,0,0,0,0,132.0909119,66.72413635,23.64367867,-2.837209225,2.75,6.206896782,3.160919428,0.3448275924,7.641239166,26.88888931,26.88888931,101.0864182,101.0864182
383,1,0,0,1,0,1,0.9772727489,1,1,0,0,1,3,27,1,1,10000,5,1,2873.25,0,360,0,1,3,1,60,0,1,0,0,0,2,0.3333333433,50,1,1,1,50,0,0,75,75,NA,NA,0,0,0,0,0,0,26.21590996,18.9767437,6.418604851,-4.883720875,5.116279125,0.6976743937,5.23255825,0,2.308333397,1.379310369,1.379310369,43.86792374,43.86792374
384,1,0,0,0,NA,1,1,1,1,0,0,1,2,23,1,1,0,7,0,3690.146973,0,100,0,0,4,NA,NA,NA,NA,NA,NA,NA,NA,NA,0,0,0,0,0,0,0,100,100,NA,NA,0,0,0,0,0,0,56.39622498,47.24528122,3.01886797,1.886792421,3.207547188,0,0,0,8.586956978,1.333333373,1.333333373,75,75
385,1,0,0,0,NA,1,1,1,1,0,0,1,4,35,1,1,150,11,1,676.0588379,0,120,0,0,4,1,50,1,1,0,0,0,4,0.9166666865,0,0,0,0,0,0,0,100,100,NA,NA,0,0,0,0,0,0,221.5263214,88.78947449,40.63158035,12.10526276,28.42105293,81.57894897,4.736842155,0,6.642857075,12.26315784,12.26315784,NA,NA
394,1,0,0,1,0,0,NA,1,1,0,0,1,2,30,1,1,2700,5,1,4690.146973,0,340,0,0,4,1,100,1,1,0,0,0,3,0.1666666716,0,0,0,0,0,0,0,100,100,NA,NA,0,0,0,0,0,0,NA,NA,NA,NA,NA,NA,NA,NA,NA,NA,NA,NA,NA
395,1,0,0,0,NA,1,0.9775280952,1,1,0,0,1,2,19,0,0,0,0,0,4266.206055,0,600,0,0,3,1,80,1,1,0,0,0,1,0.08333333582,0,0,0,0,0,0,0,100,100,NA,NA,0,0,0,0,0,0,106.5617981,70.88505554,24.93103409,8.13953495,8.255813599,0,0,0,7.511555672,9.344262123,9.344262123,72.3943634,72.3943634
396,1,0,0,1,1,0,NA,1,1,0,0,1,2,23,1,1,0,3,0,0,0,250,0,0,3,NA,NA,NA,NA,NA,NA,NA,NA,NA,NA,NA,NA,NA,NA,NA,NA,NA,NA,NA,NA,NA,NA,NA,NA,NA,NA,NA,NA,NA,NA,NA,NA,NA,NA,NA,NA,NA,NA,NA
397,1,0,0,0,NA,1,0.9638554454,1,1,0,0,1,2,23,1,1,0,6,0,0,0,200,0,0,3,1,50,1,1,0,0,0,4,0.5,0,0,0,0,0,0,0,100,100,NA,NA,0,0,0,0,0,0,70.46987915,38.71250153,5.4375,-15.625,6.0625,0,0,0,4.303051472,15.9375,15.9375,60.34246445,60.34246445
398,NA,NA,NA,0,NA,0,NA,1,NA,0,0,NA,NA,NA,NA,NA,NA,NA,NA,NA,NA,NA,NA,NA,NA,NA,NA,NA,NA,NA,NA,NA,NA,NA,NA,NA,0,NA,0,NA,0,NA,NA,NA,NA,NA,0,NA,0,NA,0,NA,NA,NA,NA,NA,NA,NA,NA,NA,NA,NA,NA,NA
400,1,0,0,1,0,1,0.9375,1,1,0,0,1,6,54,1,1,0,6,0,676.0588379,0,240,0,0,3,1,100,0,0,1,0,0,2,0.1666666716,0,0,0,0,0,0,0,100,100,NA,NA,0,0,0,0,0,0,39.34375,37.33333206,0.6999999881,0,1.666666627,0,0,0,5.717424393,2.448275805,2.448275805,55.13636398,55.13636398
401,1,0,0,1,0,0,NA,1,1,0,0,1,1,23,1,1,0,6,0,1014.088257,0,1099,0,0,3,1,70,1,1,0,0,0,3,0.5,0,0,0,0,0,0,0,100,100,NA,NA,0,0,0,0,0,0,NA,NA,NA,NA,NA,NA,NA,NA,NA,NA,NA,NA,NA
402,1,0,0,0,NA,1,0.9166666865,1,1,0,0,1,1,22,1,1,2500,7,1,3183.103027,0,550,0,0,4,1,100,0,0,0,0,1,2,0.3333333433,1930,15,0,9,0,6,0,NA,NA,NA,NA,0,0,0,0,0,0,40.79166794,22.54545403,14.18181801,18.63636398,29.09090996,0,5,2.272727251,13.46666622,20,20,245.8695679,245.8695679
403,1,0,0,1,0,1,0.9870129824,0,0,0,1,1,3,40,1,1,3000,7,1,0,0,3500,0,1,3,1,50,0,0,0,1,0,3,0.6666666865,2200,6,4,4,700,2,500,200,100,500,500,0,0,0,0,0,0,223.0389557,129.7631531,13.46052647,-15.1315794,-6.400000095,22.36842155,59.34210587,1.052631617,5.748245716,446.3815918,446.3815918,409.8026428,339.9324341
404,1,0,0,0,NA,1,0.9775280952,1,1,0,0,1,0,22,1,1,2000,6,1,507.0441284,0,850,0,1,4,NA,NA,NA,NA,NA,NA,NA,NA,NA,NA,NA,0,NA,NA,NA,NA,NA,NA,NA,NA,NA,NA,NA,NA,NA,NA,101.2921371,43.83908081,28.13793182,-1,22.35632133,1.162790656,6.781609058,4.942528725,7.836529732,19.56666756,19.56666756,83.0405426,83.0405426
406,1,0,0,0,NA,1,0.9550561905,1,1,0,0,1,7,42,1,1,0,5,1,15690.14746,0,500,0,0,4,1,70,0,0,0,0,1,3,0.3333333433,300,3,0,3,0,0,0,100,100,NA,NA,0,0,0,0,0,0,97.10112,83.81176758,1.717647076,0,42.34523773,0,8.470588684,0,7.265777588,0,0,107.9375,107.9375
407,1,0,0,0,NA,1,0.9638554454,0,0,0,1,1,3,25,1,1,4000,7,1,3676.058838,0,3000,0,0,3,0,50,1,1,0,0,0,3,0.5,3000,1,0,1,0,0,0,100,100,NA,NA,0,0,0,0,0,0,208.2289124,116.2874985,18.15189934,-58.60759354,-67.72151947,0,16.07594872,0,4.261111259,275.1265869,275.1265869,232.8874969,232.8874969
408,1,0,0,0,NA,0,NA,1,1,0,0,1,1,25,1,1,0,8,0,3469.014648,0,400,0,1,4,1,50,1,1,0,0,0,3,0.4166666567,NA,NA,0,NA,NA,NA,NA,NA,NA,NA,NA,NA,NA,NA,NA,NA,NA,NA,NA,NA,NA,NA,NA,NA,NA,NA,NA,NA,NA,NA
409,1,0,0,1,0,1,0.9775280952,1,1,0,0,1,2,22,1,1,0,9,0,0,0,300,0,0,4,0,50,0,0,1,0,0,3,0.5,280,7,3,5,90,2,90,NA,NA,NA,NA,0,0,0,0,0,0,81.57303619,45.74712753,31.90804672,-8.655172348,3.908046007,0,0,0,4.243869781,1.694915295,1.694915295,87.5,87.5
410,1,0,0,1,0,1,1,1,1,0,0,1,10,52,1,1,0,2,0,23526.87109,0,200,NA,NA,4,1,70,1,1,0,0,0,5,0.5,24350,16,5,12,850,4,0,NA,NA,NA,NA,300,0,0,0,0,0,119.9718323,59.53520966,14.19718266,-25.23077011,8.405797005,2.957746506,14.08450699,12.39436626,3.575000048,13.88135624,13.88135624,27.61904716,27.61904716
412,1,0,0,0,NA,0,NA,1,1,0,0,1,1,20,1,1,0,5,0,1859.161865,0,200,0,0,4,NA,NA,NA,NA,NA,NA,NA,NA,NA,NA,NA,0,NA,NA,NA,NA,NA,NA,NA,NA,NA,NA,NA,NA,NA,NA,NA,NA,NA,NA,NA,NA,NA,NA,NA,NA,NA,NA,NA
413,1,0,0,1,0,1,0.9310345054,1,1,0,0,1,6,48,1,1,3600,11,1,NA,NA,400,0,0,4,0,80,0,1,0,0,0,3,0.75,650,3,3,3,650,0,0,187.5,200,NA,NA,0,0,0,0,0,0,180.8275909,105.3333359,32.27160645,-24.26250076,107.0540543,2.531645536,17.25,0,11.7488699,23.63636398,23.63636398,229.6031799,229.6031799
414,1,0,0,0,NA,1,1,1,1,0,0,1,2,30,1,1,0,4,0,0,0,200,0,0,4,1,50,0,0,1,0,0,4,0.5833333135,0,0,0,0,0,0,0,100,100,NA,NA,0,0,0,0,0,0,49.74647903,22.63380241,0.563380301,2.197183132,0,0,6.492957592,0,5.458088398,11.2295084,11.2295084,38.46154022,38.46154022
415,1,0,0,1,0,1,0.910112381,0,0,0,1,1,5,33,1,1,23500,8,1,18977.77734,0,5000,1,0,4,1,80,0,0,1,0,0,3,0.75,62170,29,17,15,32700,14,20140,NA,NA,NA,NA,18000,13800,89147,4600,180000,110000,1003.157288,425.9259338,146.9125061,-60.37036896,5.068493366,158.2278442,467.1875,151,7.012910843,409.2124939,409.2124939,310.4074097,310.4074097
416,1,0,0,1,0,1,0.9666666389,0,0,0,1,1,2,18,1,1,0,7,0,1507.044189,0,350,0,0,4,1,50,0,0,0,0,1,3,0.5833333135,0,0,0,0,0,0,0,100,100,NA,NA,0,0,0,0,0,0,114.5,100.7241364,4.379310131,1.724137902,0,0,31.72413826,0,11.16547585,285.620697,285.620697,446.2069092,446.2069092
417,1,0,0,1,0,1,1,1,1,0,0,1,2,28,1,1,1200,8,1,0,0,600,0,1,3,1,50,0,1,0,0,0,3,0.8333333135,0,0,0,0,0,0,0,100,100,NA,NA,0,0,0,0,0,0,44.85365677,8.804878235,2.599999905,1.463414669,13.71428585,0,0,0,4.75,6.935483932,6.935483932,NA,NA
418,1,0,0,0,NA,0,NA,1,1,0,0,1,2,24,1,1,0,4,0,0,0,500,0,0,3,1,70,0,0,0,0,1,3,0.25,NA,NA,0,NA,NA,NA,NA,NA,NA,NA,NA,NA,NA,NA,NA,NA,NA,NA,NA,NA,NA,NA,NA,NA,NA,NA,NA,NA,NA,NA
421,1,0,0,0,NA,1,0.9166666865,0,0,0,1,1,3,23,1,1,1980,7,1,507.0441284,0,450,0,0,3,1,50,0,0,0,0,1,2,1,0,0,0,0,0,0,0,100,100,NA,NA,0,0,0,0,0,0,231.6666718,122.6363602,43.54545593,-20.45454597,-14.31818199,0,4.772727489,0,11.48106098,393.6363525,393.6363525,329.5454407,329.5454407
423,1,0,0,1,0,0,NA,0,0,0,1,1,5,26,1,1,1884,5,1,15845.07324,0,50,0,0,2,NA,NA,NA,NA,NA,NA,NA,NA,NA,6490,8,2,5,1000,3,1000,550,550,1000,1000,0,0,0,0,0,0,NA,NA,NA,NA,NA,NA,NA,NA,NA,NA,NA,NA,NA
424,1,0,0,0,NA,1,0.9382715821,0,0,0,1,0,2,28,1,1,7800,6,1,0,0,1000,0,0,4,1,80,0,0,0,1,0,1,0.4166666567,1200,2,0,2,0,0,0,433.3333435,200,NA,NA,0,0,0,0,0,0,59.80246735,29.82894707,0.5263158083,-20.34210587,NA,0,76.11842346,0,7.594202995,352.828949,352.828949,340.5263062,340.5263062
426,NA,NA,NA,1,0,0,NA,1,NA,0,0,NA,NA,NA,NA,NA,NA,NA,NA,NA,NA,NA,NA,NA,NA,NA,NA,NA,NA,NA,NA,NA,NA,NA,NA,NA,0,NA,0,NA,NA,NA,NA,NA,NA,NA,NA,NA,NA,NA,NA,NA,NA,NA,NA,NA,NA,NA,NA,NA,NA,NA,NA,NA
427,1,0,0,0,NA,0,NA,1,1,0,0,1,1,28,1,1,0,8,0,0,0,NA,0,0,3,NA,NA,NA,NA,NA,NA,NA,NA,NA,NA,NA,0,NA,NA,NA,NA,NA,NA,NA,NA,NA,NA,NA,NA,NA,NA,NA,NA,NA,NA,NA,NA,NA,NA,NA,NA,NA,NA,NA
428,1,0,0,0,NA,0,NA,1,1,0,0,0,0,20,1,1,130,6,1,507.0441284,0,150,0,0,4,NA,NA,NA,NA,NA,NA,NA,NA,NA,NA,NA,0,NA,NA,NA,NA,NA,NA,NA,NA,NA,NA,NA,NA,NA,NA,NA,NA,NA,NA,NA,NA,NA,NA,NA,NA,NA,NA,NA
431,1,0,0,1,0,1,0.9888888597,0,0,0,1,1,3,39,1,1,16400,12,1,1690.147095,0,1000,0,0,4,0,80,0,0,1,0,0,3,0.75,5900,14,8,12,1900,2,1000,250,300,1000,1000,0,0,0,0,0,0,637.333313,193.6404419,47.31460571,45.28089905,-40.37349319,-5.617977619,46.29213333,4.719100952,8.654375076,421.5730286,421.5730286,245.6741638,245.6741638
432,1,0,0,1,0,0,NA,0,0,0,1,1,1,23,1,1,10500,8,1,676.0588379,0,1000,0,0,4,1,90,0,1,0,0,0,3,0.08333333582,0,0,0,0,0,0,0,100,100,NA,NA,0,0,0,0,0,0,NA,NA,NA,NA,NA,NA,NA,NA,NA,NA,NA,NA,NA
433,1,0,0,1,1,0,NA,0,0,0,1,1,3,21,1,1,0,7,1,NA,NA,210,0,1,3,NA,NA,NA,NA,NA,NA,NA,NA,NA,NA,NA,NA,NA,NA,NA,NA,NA,NA,NA,NA,NA,NA,NA,NA,NA,NA,NA,NA,NA,NA,NA,NA,NA,NA,NA,NA,NA,NA,NA
434,1,0,0,1,0,0,NA,0,0,0,1,1,4,32,1,1,1860,8,1,1690.147095,0,420,0,0,3,NA,NA,NA,NA,NA,NA,NA,NA,NA,5650,10,10,9,5650,1,3000,575,600,3000,3000,0,0,0,0,0,0,NA,NA,NA,NA,NA,NA,NA,NA,NA,NA,NA,NA,NA
435,1,0,0,1,1,0,NA,0,0,0,1,1,1,19,1,1,0,7,0,0,0,1200,0,0,3,NA,NA,NA,NA,NA,NA,NA,NA,NA,NA,NA,NA,NA,NA,NA,NA,NA,NA,NA,NA,NA,NA,NA,NA,NA,NA,NA,NA,NA,NA,NA,NA,NA,NA,NA,NA,NA,NA,NA
436,1,0,0,0,NA,1,0.928571403,0,0,0,1,1,3,18,1,1,20160,7,1,0,0,3000,0,1,5,1,50,0,0,1,0,0,4,0.4166666567,0,0,0,0,0,0,0,100,100,NA,NA,0,0,0,0,0,0,58.38095093,29.61538506,10.27027035,-4.05405426,0.2702702582,0,5.675675869,0,8.550926208,318.055542,318.055542,175.8717957,175.8717957
440,1,0,0,1,0,1,0.9662921429,0,0,0,1,1,2,30,0,0,19200,3,1,8450.735352,0,1500,0,0,4,1,100,0,0,0,0,1,3,0.3333333433,17250,21,12,11,8250,10,2350,927.777771,1000,587.5,500,0,0,0,0,0,0,796.59552,367.5,98.45882416,-44.97674561,17.4418602,117.6470566,151.0588226,47.05882263,8.997093201,979.0352783,936.7619019,628.3139648,578.75
443,1,0,0,1,0,1,0.1320754737,0,0,0,1,1,9,36,0,0,0,2,0,24666.66797,0,1000,0,0,3,NA,NA,NA,NA,NA,NA,NA,NA,NA,900,4,4,3,900,1,1000,250,150,1000,1000,0,0,0,0,0,0,84.64151001,163.7142792,30.8571434,-8.571428299,11.4285717,0,657.1428833,1142.857178,7.42142868,3741.428467,483.3333435,3841.428467,130
444,1,0,0,1,0,0,NA,0,0,0,1,1,7,33,1,1,0,5,0,28136.66602,0,5000,0,0,4,0,100,0,0,1,0,0,2,0.4166666567,100,1,1,1,100,0,0,100,100,NA,NA,0,0,0,0,0,0,NA,NA,NA,NA,NA,NA,NA,NA,NA,NA,NA,NA,NA
445,1,0,0,0,NA,0,NA,0,0,0,1,1,5,32,1,1,0,6,0,0,0,2000,0,0,2,NA,NA,NA,NA,NA,NA,NA,NA,NA,NA,NA,0,NA,NA,NA,NA,NA,NA,NA,NA,NA,NA,NA,NA,NA,NA,NA,NA,NA,NA,NA,NA,NA,NA,NA,NA,NA,NA,NA
446,1,0,0,0,NA,1,0.7446808219,0,0,0,1,0,4,25,1,1,12000,7,1,0,0,6500,0,0,4,1,50,0,0,1,0,0,4,0.6666666865,0,0,0,0,0,0,0,100,100,NA,NA,0,0,0,0,0,0,116.9574432,87.34285736,8.13793087,-17.29411697,NA,0,107.5862045,0,3.945976973,621.0344849,479.2857056,739.1428833,418.030304
448,1,0,0,0,NA,0,NA,0,0,0,1,1,0,25,1,1,0,5,0,0,0,300,0,0,3,NA,NA,NA,NA,NA,NA,NA,NA,NA,NA,NA,0,NA,NA,NA,NA,NA,NA,NA,NA,NA,NA,NA,NA,NA,NA,NA,NA,NA,NA,NA,NA,NA,NA,NA,NA,NA,NA,NA
449,1,0,0,0,NA,0,NA,0,0,0,1,1,2,24,1,1,0,12,0,23935.63672,0,2000,0,1,5,NA,NA,NA,NA,NA,NA,NA,NA,NA,NA,NA,0,NA,NA,NA,NA,NA,NA,NA,NA,NA,NA,NA,NA,NA,NA,NA,NA,NA,NA,NA,NA,NA,NA,NA,NA,NA,NA,NA
450,1,0,0,1,1,0,NA,1,1,0,0,NA,0,NA,NA,NA,0,NA,NA,11034.16602,0,NA,NA,NA,NA,NA,NA,NA,NA,NA,NA,NA,NA,NA,NA,NA,NA,NA,NA,NA,NA,NA,NA,NA,NA,NA,NA,NA,NA,NA,NA,NA,NA,NA,NA,NA,NA,NA,NA,NA,NA,NA,NA,NA
451,1,0,0,1,0,1,0.9154929519,1,1,0,0,1,3,34,1,1,0,6,0,1014.088257,0,280,0,0,2,0,50,0,0,1,0,0,3,0.25,400,6,6,6,400,0,0,71.42857361,50,NA,NA,0,0,0,0,0,0,152.1267548,92.33846283,19.78461456,0,17.89230728,0,0.1538461596,0.3076923192,10.62102604,9.453125,9.453125,96.97183228,96.97183228
456,1,0,0,0,NA,1,0.9887640476,1,1,0,0,0,0,21,1,1,0,8,0,0,0,440,0,0,3,1,10,1,1,0,0,0,3,0.4545454681,0,0,0,0,0,0,0,100,100,NA,NA,0,0,0,0,0,0,249.10112,119.8181839,73.90697479,-11.91860485,NA,1.395348787,22.3255806,14.30232525,6.320319653,32.90322495,32.90322495,79.17391205,79.17391205
457,1,0,0,0,NA,0,NA,1,1,0,0,1,4,35,1,1,0,11,0,9724.313477,0,800,0,0,5,NA,NA,NA,NA,NA,NA,NA,NA,NA,NA,NA,0,NA,NA,NA,NA,NA,NA,NA,NA,NA,NA,NA,NA,NA,NA,NA,NA,NA,NA,NA,NA,NA,NA,NA,NA,NA,NA,NA
458,1,0,0,1,0,1,0.934065938,1,1,0,0,1,6,39,1,1,440,8,1,6180.92334,0,500,0,0,5,1,50,0,0,0,0,1,2,0.25,115,1,1,1,115,0,0,107.5,107.5,NA,NA,0,0,0,0,0,0,112.8571396,67.91764832,17.9642849,4.216867447,28.80722809,0,0,1.190476179,4.223148346,24.39655113,24.39655113,57.21311569,57.21311569
459,1,0,0,0,NA,1,0.6666666865,0,0,0,1,0,4,42,1,1,1000,6,1,0,0,1100,1,1,5,1,50,0,0,0,1,0,3,0.1666666716,14700,21,0,13,0,8,0,NA,NA,NA,NA,0,0,0,0,0,0,138.3999939,115.1500015,7.75,-83,NA,0,32.25,0,12.14833355,223.25,223.25,269.5,269.5
460,1,0,0,0,NA,0,NA,1,1,0,0,1,0,23,1,1,0,7,0,507.0441284,0,50,0,1,3,NA,NA,NA,NA,NA,NA,NA,NA,NA,NA,NA,0,NA,0,NA,0,NA,NA,NA,NA,NA,0,NA,0,NA,0,NA,NA,NA,NA,NA,NA,NA,NA,NA,NA,NA,NA,NA
462,1,0,0,0,NA,1,1,0,0,0,1,0,3,29,1,1,0,8,1,507.0441284,0,350,0,0,4,1,60,0,0,0,1,0,3,0.75,9600,7,0,5,0,2,0,1540,2000,850,850,0,0,0,0,0,0,503,176.7333374,110.3333359,0,NA,0,76,5,12.34277725,923.5999756,923.5999756,812.0333252,812.0333252
463,1,0,0,0,NA,1,0.7333333492,0,0,0,1,1,2,44,0,0,16000,7,1,0,0,1400,0,1,4,1,70,0,0,0,1,0,3,0.25,200,2,0,2,0,0,0,100,100,NA,NA,0,0,0,0,0,0,125.1999969,86.63636017,9.090909004,65.36363983,-41.13636398,0,90.90908813,0,9.79924202,271.8181763,271.8181763,245.9090881,245.9090881
465,1,0,0,0,NA,1,0.7916666865,1,1,0,0,0,0,24,1,1,0,5,0,0,0,100,1,0,3,1,80,0,0,1,0,0,1,0.1666666716,NA,NA,0,NA,NA,NA,NA,NA,NA,NA,NA,NA,NA,NA,NA,NA,NA,61.125,35.42105103,12.84210491,0,NA,0,25.2631588,0,11.07017517,18.94736862,18.94736862,76.57894897,76.57894897
467,1,0,0,1,1,0,NA,0,0,0,1,1,1,21,1,1,0,5,0,0,0,7000,0,0,4,NA,NA,NA,NA,NA,NA,NA,NA,NA,NA,NA,NA,NA,NA,NA,NA,NA,NA,NA,NA,NA,NA,NA,NA,NA,NA,NA,NA,NA,NA,NA,NA,NA,NA,NA,NA,NA,NA,NA
468,1,0,0,0,NA,0,NA,1,1,0,0,1,2,43,1,1,1200,8,1,25070.42383,0,560,0,0,3,NA,NA,NA,NA,NA,NA,NA,NA,NA,NA,NA,0,NA,NA,NA,NA,NA,NA,NA,NA,NA,NA,NA,NA,NA,NA,NA,NA,NA,NA,NA,NA,NA,NA,NA,NA,NA,NA,NA
469,1,0,0,0,NA,0,NA,1,1,0,0,1,3,29,1,1,0,9,0,8541.210938,0,400,0,1,4,NA,NA,NA,NA,NA,NA,NA,NA,NA,NA,NA,0,NA,NA,NA,NA,NA,NA,NA,NA,NA,NA,NA,NA,NA,NA,NA,NA,NA,NA,NA,NA,NA,NA,NA,NA,NA,NA,NA
470,1,0,0,1,1,0,NA,0,0,0,1,1,3,35,1,1,0,7,0,0,0,150,0,0,3,NA,NA,NA,NA,NA,NA,NA,NA,NA,NA,NA,NA,NA,NA,NA,NA,NA,NA,NA,NA,NA,NA,NA,NA,NA,NA,NA,NA,NA,NA,NA,NA,NA,NA,NA,NA,NA,NA,NA
474,1,0,0,1,0,1,0.9775280952,1,1,0,0,1,3,30,1,1,5200,12,1,845.0735474,0,810,0,0,3,NA,NA,NA,NA,NA,NA,NA,NA,NA,0,0,0,0,0,0,0,100,100,NA,NA,0,0,0,0,0,0,72.39325714,44.2298851,46.26436615,-2.12643671,32.02597427,0,0,0.8045976758,8.457692146,8.694914818,8.694914818,109.8518524,109.8518524
475,1,0,0,1,1,0,NA,1,1,0,0,1,1,26,1,1,0,10,0,18062.3418,0,320,0,0,3,NA,NA,NA,NA,NA,NA,NA,NA,NA,NA,NA,NA,NA,NA,NA,NA,NA,NA,NA,NA,NA,NA,NA,NA,NA,NA,NA,NA,NA,NA,NA,NA,NA,NA,NA,NA,NA,NA,NA
476,1,0,0,1,0,1,0.6022727489,1,1,0,0,1,3,34,1,1,0,8,0,1476.058838,0,1200,0,0,3,NA,NA,NA,NA,NA,NA,NA,NA,NA,200,3,3,2,200,1,200,100,100,200,200,0,0,0,0,0,0,239.4772797,133.679245,68.81131744,-10,53.11320877,-4.150943279,6.98113203,0.9433962107,3.897619009,36.69696808,36.69696808,126.0833359,126.0833359
477,NA,NA,NA,0,NA,0,NA,1,NA,0,0,NA,NA,NA,NA,NA,NA,NA,NA,NA,NA,NA,NA,NA,NA,NA,NA,NA,NA,NA,NA,NA,NA,NA,NA,NA,0,NA,0,NA,0,NA,NA,NA,NA,NA,0,NA,0,NA,0,NA,NA,NA,NA,NA,NA,NA,NA,NA,NA,NA,NA,NA
478,1,0,0,0,NA,1,0.9753086567,0,0,0,1,1,3,28,1,1,0,7,0,0,0,120,0,1,4,1,60,0,1,0,0,0,3,0.6666666865,0,0,0,0,0,0,0,100,100,NA,NA,0,0,0,0,0,0,70.67901611,56.21519089,4.658227921,-3.848101377,-26.58227921,0,0.3797468245,0,6.267555714,87.65822601,87.65822601,97.75949097,97.75949097
479,1,0,0,1,0,1,0.9662921429,1,1,0,0,1,2,27,1,1,0,8,0,0,0,300,0,1,3,1,80,0,0,1,0,0,3,0.5833333135,0,0,0,0,0,0,0,100,100,NA,NA,0,0,0,0,0,0,30.58427048,17.0348835,9.166666985,-3.081395388,4.573170662,0,1.882352948,0,2.63179493,0,0,31.12903214,31.12903214
481,1,0,0,1,1,0,NA,1,1,0,0,1,3,37,1,1,3130,7,1,3800,0,385,0,0,3,NA,NA,NA,NA,NA,NA,NA,NA,NA,NA,NA,NA,NA,NA,NA,NA,NA,NA,NA,NA,NA,NA,NA,NA,NA,NA,NA,NA,NA,NA,NA,NA,NA,NA,NA,NA,NA,NA,NA
482,1,0,0,0,NA,1,0.9662921429,1,1,0,0,1,3,25,1,0,1500,4,1,1183.103027,0,1700,0,1,3,1,70,0,0,1,0,0,4,0.5,650,4,0,2,0,2,0,250,300,325,325,0,0,0,0,0,0,126.1348343,57.03488541,37.04705811,5.764705658,1.764705896,3.333333254,3.294117689,0,6.087500095,5.416666508,5.416666508,149.776123,149.776123
499,NA,NA,NA,0,NA,0,NA,0,NA,0,0,NA,NA,NA,NA,NA,NA,NA,NA,NA,NA,NA,NA,NA,NA,NA,NA,NA,NA,NA,NA,NA,NA,NA,NA,NA,0,NA,0,NA,0,NA,NA,NA,NA,NA,0,NA,0,NA,0,NA,NA,NA,NA,NA,NA,NA,NA,NA,NA,NA,NA,NA
500,1,0,0,1,1,0,NA,1,1,0,0,NA,NA,NA,NA,NA,NA,NA,NA,NA,NA,NA,NA,NA,NA,NA,NA,NA,NA,NA,NA,NA,NA,NA,NA,NA,NA,NA,NA,NA,NA,NA,NA,NA,NA,NA,NA,NA,NA,NA,NA,NA,NA,NA,NA,NA,NA,NA,NA,NA,NA,NA,NA,NA
501,1,0,0,1,0,1,0.9833333492,0,0,0,1,1,9,41,1,1,7280,6,1,1690.147095,0,500,0,1,2,1,60,0,0,1,0,0,3,0.25,0,0,0,0,0,0,0,100,100,NA,NA,0,0,0,0,0,0,111.8666687,104.5423737,0,-30.18644142,-7.203389645,0,0.3389830589,0,5.616384029,45.16949081,45.16949081,64.66101837,64.66101837
510,1,0,0,0,NA,1,0.8888888955,1,1,0,0,1,2,23,1,1,0,2,0,5290.146973,0,300,0,0,4,1,50,0,0,0,0,1,3,0.5,100,1,0,1,0,0,0,100,100,NA,NA,0,0,0,0,0,0,174.4444427,86.09375,17,-12.86206913,18,0,0,0,6.782608509,3.333333254,3.333333254,NA,NA
601,1,0,0,1,0,1,1,1,1,0,0,0,2,30,1,0,0,6,0,845.0735474,0,250,0,0,2,NA,NA,NA,NA,NA,NA,NA,NA,NA,100,2,1,1,100,1,0,NA,NA,NA,NA,0,0,0,0,0,0,213.7931061,25.94827652,57.79310226,1.603448272,NA,2.758620739,6.034482956,4.310344696,7.027536392,30,30,99,99
603,1,0,0,1,0,1,1,0,0,0,1,0,2,26,1,1,2000,12,1,169.0147095,0,7500,0,0,4,1,80,0,0,0,1,0,5,0.8333333135,6650,7,3,6,450,1,0,137.5,150,NA,NA,0,0,0,0,0,0,188.9879456,63.84337234,56.15662766,205.602417,NA,7.831325531,26.02409554,0,3.866465807,1007.63855,1007.63855,384.0963745,328.7654419
604,1,0,0,1,0,1,1,0,0,0,1,0,1,33,1,1,4000,10,1,1338.029419,0,2000,0,0,3,1,50,0,1,0,0,0,4,0.5,42100,23,6,15,14000,8,4000,2350,2000,4000,4000,300,0,0,0,0,0,291.8275757,129.2758636,62.6428566,-54.82143021,NA,73.2142868,31.0714283,0,8.214285851,480.2142944,480.2142944,318.1034546,318.1034546
605,1,0,0,0,NA,0,NA,0,0,0,1,0,1,19,1,1,0,9,0,845.0735474,0,900,0,0,4,NA,NA,NA,NA,NA,NA,NA,NA,NA,NA,NA,0,NA,NA,NA,NA,NA,NA,NA,NA,NA,NA,NA,NA,NA,NA,NA,NA,NA,NA,NA,NA,NA,NA,NA,NA,NA,NA,NA
607,1,0,0,1,0,1,1,0,0,0,1,0,3,38,1,1,19600,11,1,1576.058838,0,3000,1,1,3,1,50,0,0,0,1,0,6,0.6666666865,53280,71,3,56,900,15,0,NA,NA,NA,NA,15000,0,15000,0,0,0,648.3043213,232.5217438,61.43478394,-114.391304,NA,34.78260803,160,0,12.52380943,8451.478516,676.666687,5634.652344,1304
608,1,0,0,0,NA,0,NA,1,1,0,0,0,0,35,1,1,0,8,0,NA,NA,300,0,0,4,NA,NA,NA,NA,NA,NA,NA,NA,NA,NA,NA,0,NA,NA,NA,NA,NA,NA,NA,NA,NA,NA,NA,NA,NA,NA,NA,NA,NA,NA,NA,NA,NA,NA,NA,NA,NA,NA,NA
609,1,0,0,1,0,1,1,1,1,0,0,1,4,26,1,0,0,6,0,2690.146973,0,200,0,0,5,1,60,0,0,1,0,0,3,0.25,250,3,3,2,250,1,200,116.6666641,100,200,200,0,0,0,0,0,0,70.68333435,30.45000076,12.5666666,-3.416666746,10.34482765,-2.881356001,2.666666746,12.5,8.698484421,0.3333333433,0.3333333433,74.32691956,74.32691956
610,1,0,0,1,1,0,NA,0,0,0,1,1,3,31,1,1,1200,4,1,507.0441284,0,2000,0,0,3,NA,NA,NA,NA,NA,NA,NA,NA,NA,NA,NA,NA,NA,NA,NA,NA,NA,NA,NA,NA,NA,NA,NA,NA,NA,NA,NA,NA,NA,NA,NA,NA,NA,NA,NA,NA,NA,NA,NA
611,1,0,0,0,NA,0,NA,1,1,0,0,1,1,25,1,1,0,7,0,0,0,300,0,0,4,NA,NA,NA,NA,NA,NA,NA,NA,NA,NA,NA,0,NA,NA,NA,NA,NA,NA,NA,NA,NA,NA,NA,NA,NA,NA,NA,NA,NA,NA,NA,NA,NA,NA,NA,NA,NA,NA,NA
612,1,0,0,0,NA,0,NA,1,1,0,0,1,2,25,1,1,1200,10,1,15758.48047,0,600,0,0,4,1,50,0,0,1,0,0,3,0.3333333433,NA,NA,0,NA,NA,NA,NA,NA,NA,NA,NA,NA,NA,NA,NA,NA,NA,NA,NA,NA,NA,NA,NA,NA,NA,NA,NA,NA,NA,NA
613,1,0,0,1,1,0,NA,0,0,0,1,NA,0,40,1,1,0,11,NA,0,0,NA,NA,NA,NA,NA,NA,NA,NA,NA,NA,NA,NA,NA,NA,NA,NA,NA,NA,NA,NA,NA,NA,NA,NA,NA,NA,NA,NA,NA,NA,NA,NA,NA,NA,NA,NA,NA,NA,NA,NA,NA,NA,NA
614,1,0,0,1,1,0,NA,1,1,0,0,1,2,35,1,1,0,7,0,0,0,700,0,0,4,NA,NA,NA,NA,NA,NA,NA,NA,NA,NA,NA,NA,NA,NA,NA,NA,NA,NA,NA,NA,NA,NA,NA,NA,NA,NA,NA,NA,NA,NA,NA,NA,NA,NA,NA,NA,NA,NA,NA
616,1,0,0,1,1,0,NA,0,0,0,1,1,5,38,1,1,3600,6,1,3000.62915,0,NA,0,1,3,NA,NA,NA,NA,NA,NA,NA,NA,NA,NA,NA,NA,NA,NA,NA,NA,NA,NA,NA,NA,NA,NA,NA,NA,NA,NA,NA,NA,NA,NA,NA,NA,NA,NA,NA,NA,NA,NA,NA
618,1,0,0,1,0,0,NA,1,1,0,0,1,10,47,1,1,0,7,0,21102.5,0,150,0,0,3,NA,NA,NA,NA,NA,NA,NA,NA,NA,4000,2,0,1,0,1,0,NA,NA,NA,NA,0,0,0,0,0,0,NA,NA,NA,NA,NA,NA,NA,NA,NA,NA,NA,NA,NA
619,1,0,0,0,NA,1,1,0,0,0,1,1,3,28,1,1,9900,11,1,977.777771,0,300,1,1,3,NA,NA,NA,NA,NA,NA,NA,NA,NA,18000,30,0,11,0,19,0,1811.111084,1300,1092.307739,750,300,0,0,0,0,0,222.9101105,81.19100952,39.59090805,-33.39772797,-81.8181839,-1.136363626,5.681818008,1.136363626,3.597701073,24.94318199,24.94318199,0,0
620,1,0,0,1,0,1,0.8924731016,1,1,0,0,1,4,30,1,1,17600,8,1,0,0,190,0,0,3,0,50,1,1,0,0,0,4,0.5833333135,550,5,5,2,550,3,550,216.6666718,150,183.3333282,150,0,0,0,0,0,0,403.2150574,140.4096375,65.01219177,-10.93975925,8.240963936,33.71951294,35.24390411,34.14634323,5.082113743,19.40845108,19.40845108,83.0114975,83.0114975
624,1,0,0,0,NA,0,NA,1,1,0,0,1,0,28,1,1,0,11,0,14237.34766,0,800,0,0,3,NA,NA,NA,NA,NA,NA,NA,NA,NA,NA,NA,0,NA,NA,NA,NA,NA,NA,NA,NA,NA,NA,NA,NA,NA,NA,NA,NA,NA,NA,NA,NA,NA,NA,NA,NA,NA,NA,NA
625,1,0,0,0,NA,0,NA,1,1,0,0,1,2,30,1,1,0,10,0,10296.76563,0,400,0,1,4,NA,NA,NA,NA,NA,NA,NA,NA,NA,NA,NA,0,NA,NA,NA,NA,NA,NA,NA,NA,NA,NA,NA,NA,NA,NA,NA,NA,NA,NA,NA,NA,NA,NA,NA,NA,NA,NA,NA
626,1,0,0,0,NA,0,NA,1,1,0,0,1,4,35,1,1,0,8,NA,0,0,NA,NA,NA,4,NA,NA,NA,NA,NA,NA,NA,NA,NA,NA,NA,0,NA,NA,NA,NA,NA,NA,NA,NA,NA,NA,NA,NA,NA,NA,NA,NA,NA,NA,NA,NA,NA,NA,NA,NA,NA,NA,NA
628,1,0,0,0,NA,0,NA,0,0,0,1,1,1,22,0,0,1200,2,1,0,0,2000,0,1,4,NA,NA,NA,NA,NA,NA,NA,NA,NA,NA,NA,0,NA,NA,NA,NA,NA,NA,NA,NA,NA,NA,NA,NA,NA,NA,NA,NA,NA,NA,NA,NA,NA,NA,NA,NA,NA,NA,NA
629,1,0,0,0,NA,0,NA,1,1,0,0,1,2,36,1,1,0,7,0,8048.254883,0,250,0,0,4,NA,NA,NA,NA,NA,NA,NA,NA,NA,NA,NA,0,NA,NA,NA,NA,NA,NA,NA,NA,NA,NA,NA,NA,NA,NA,NA,NA,NA,NA,NA,NA,NA,NA,NA,NA,NA,NA,NA
630,1,0,0,1,1,0,NA,1,1,0,0,0,0,18,1,1,0,7,NA,0,0,NA,NA,NA,5,NA,NA,NA,NA,NA,NA,NA,NA,NA,NA,NA,NA,NA,NA,NA,NA,NA,NA,NA,NA,NA,NA,NA,NA,NA,NA,NA,NA,NA,NA,NA,NA,NA,NA,NA,NA,NA,NA,NA
631,1,0,0,0,NA,0,NA,0,0,0,1,0,2,28,1,1,0,8,0,0,0,8000,0,0,4,NA,NA,NA,NA,NA,NA,NA,NA,NA,NA,NA,0,NA,NA,NA,NA,NA,NA,NA,NA,NA,NA,NA,NA,NA,NA,NA,NA,NA,NA,NA,NA,NA,NA,NA,NA,NA,NA,NA
632,1,0,0,1,1,0,NA,0,0,0,1,0,0,19,1,1,0,11,0,0,0,300,0,1,4,NA,NA,NA,NA,NA,NA,NA,NA,NA,NA,NA,NA,NA,NA,NA,NA,NA,NA,NA,NA,NA,NA,NA,NA,NA,NA,NA,NA,NA,NA,NA,NA,NA,NA,NA,NA,NA,NA,NA
634,1,0,0,1,0,1,0.9775280952,1,1,0,0,1,3,28,1,1,6400,12,1,14217.26953,0,2800,1,0,4,NA,NA,NA,NA,NA,NA,NA,NA,NA,1200,8,7,6,1200,2,900,185.7142792,100,900,900,0,0,0,0,0,0,86.05618286,41.95402145,9.294117928,8.390804291,34.069767,13.33333302,2.380952358,108.2352905,7.139240742,0,0,42.56410217,42.56410217
665,1,0,0,0,NA,1,0.9666666389,0,0,0,1,0,6,32,0,0,1200,4,1,338.0294189,0,3400,0,0,4,1,50,0,0,0,0,1,1,0.4166666567,50,1,0,1,0,0,0,75,75,NA,NA,0,0,0,0,0,0,185.8500061,109.7931061,13.74137974,-16.60344887,NA,0,105.3448257,0,8.661207199,642.758606,642.758606,573.1379395,421.1818237
1001,0,1,0,1,0,0,NA,0,0,0,1,1,2,23,1,1,13600,8,1,3900,17000,220,0,0,4,1,90,0,0,0,0,1,3,0.3333333433,0,0,0,0,0,0,0,NA,NA,NA,NA,0,0,0,0,0,0,NA,NA,NA,NA,NA,NA,NA,NA,NA,NA,NA,NA,NA
1002,0,1,0,1,0,1,1,0,0,0,1,1,1,34,1,1,13680,6,1,1100,6095,250,0,0,3,1,50,0,1,0,0,0,3,0.25,300,1,1,1,300,0,0,200,200,NA,NA,0,0,0,0,0,0,344.2285767,89.2142868,65.58571625,-35.2857132,-7.428571224,5.857142925,57.7142868,18.4285717,11.36956501,851.5571289,851.5571289,1147.071411,1147.071411
1003,0,1,0,0,NA,1,1,1,1,0,0,1,3,24,1,1,800,7,1,500,10390,600,0,1,5,0,70,0,0,0,0,1,5,1,NA,NA,0,NA,NA,NA,NA,NA,NA,NA,NA,NA,NA,NA,NA,NA,NA,82.18571472,36.70000076,21.5714283,19.8571434,27.2857151,0,1.714285731,1.428571463,9.125,8.285714149,8.285714149,121.5714264,121.5714264
1004,0,1,0,0,NA,1,1,0,0,0,1,1,2,21,1,1,930,7,1,5900,17896.8125,500,0,1,4,1,60,0,0,0,0,1,5,0.8333333135,NA,NA,0,NA,NA,NA,NA,NA,NA,NA,NA,NA,NA,NA,NA,NA,NA,174.9285736,81.08571625,9.728571892,-14.94285679,-20,0,9.642857552,0,2.969047546,179.2857208,179.2857208,181.0857086,181.0857086
1005,0,1,0,0,NA,1,1,0,0,0,1,0,0,21,1,1,700,12,1,0,4100,1000,0,0,3,1,50,0,0,1,0,0,3,1,NA,NA,0,NA,NA,NA,NA,NA,NA,NA,NA,NA,NA,NA,NA,NA,NA,168.6428528,50,16,-84.2857132,NA,0,5.857142925,0,4.638888836,383.5714417,252.2058868,384.8571472,384.8571472
1006,0,1,0,1,0,1,1,0,0,0,1,1,4,39,1,1,0,8,0,5100,23777.97656,2000,0,0,4,1,50,0,0,1,0,0,3,0.5833333135,0,0,0,0,0,0,0,100,100,NA,NA,0,0,0,0,0,0,138.0714264,56.15714264,26.15714264,-18.68571472,-3.928571463,0.7142857313,12.85714245,2.142857075,11.24590206,NA,NA,NA,NA
1007,0,1,0,1,0,0,NA,1,1,0,0,1,2,26,1,1,0,7,0,1250,3020,750,0,1,4,NA,NA,NA,NA,NA,NA,NA,NA,NA,0,0,0,0,0,0,0,NA,NA,NA,NA,0,0,0,0,0,0,NA,NA,NA,NA,NA,NA,NA,NA,NA,NA,NA,NA,NA
1008,0,1,0,1,0,1,1,0,0,0,1,0,4,47,1,1,7200,10,1,42400,5820,750,0,0,3,1,50,0,0,0,1,0,3,0.25,100,1,1,1,100,0,0,100,100,NA,NA,0,0,0,0,0,0,425.1142883,156.6428528,130.0571442,0.4285714328,NA,0,17.8571434,103.8571396,9.550237656,592.2142944,592.2142944,656.5714111,656.5714111
1009,0,1,0,0,NA,1,1,0,0,0,1,0,1,35,0,0,500,0,1,0,570,200,0,1,3,1,100,0,0,1,0,0,1,0.25,NA,NA,0,NA,NA,NA,NA,NA,NA,NA,NA,NA,NA,NA,NA,NA,NA,40.94285583,17.97142792,2.657142878,0.6428571343,NA,0,19.4285717,0,2.854545355,744.8571167,694.2028809,755.9285889,407.0833435
1010,0,1,0,1,0,1,0.8999999762,0,0,0,1,1,4,25,0,0,0,7,0,250,7786.811523,0,0,1,3,1,50,0,0,0,0,1,2,0.1666666716,0,0,0,0,0,0,0,100,100,NA,NA,0,0,0,0,0,0,110.0428543,69.6031723,20.88888931,0,-11.74603176,0,49.20634842,0,3.907407522,2242.619141,988.9215698,1934.444458,278.4523926
1011,0,1,0,0,NA,1,1,0,0,0,1,1,7,45,0,0,5200,1,1,300,9720,350,0,0,3,1,80,0,0,0,0,1,1,0.4166666567,NA,NA,0,NA,NA,NA,NA,NA,NA,NA,NA,NA,NA,NA,NA,NA,NA,116.1142883,49.41428757,7.228571415,-2.785714388,0,0,13,0,4.939890862,2277.057129,522.9799805,2773.714355,295.4761963
1012,0,1,0,0,NA,1,1,0,0,0,1,1,1,27,1,1,3775,8,1,80,8550,1500,0,0,3,1,100,0,0,0,1,0,3,0.3333333433,NA,NA,0,NA,NA,NA,NA,NA,NA,NA,NA,NA,NA,NA,NA,NA,NA,136.8000031,58.2142868,14.61428547,3.571428537,-62.7142868,0,0.571428597,15,9.021666527,576.7999878,576.7999878,442.3714294,442.3714294
1013,NA,NA,NA,NA,NA,NA,NA,1,1,0,0,NA,NA,NA,NA,NA,NA,NA,NA,NA,NA,NA,NA,NA,NA,NA,NA,NA,NA,NA,NA,NA,NA,NA,NA,NA,0,NA,0,NA,NA,NA,NA,NA,NA,NA,NA,NA,NA,NA,NA,NA,NA,NA,NA,NA,NA,NA,NA,NA,NA,NA,NA,NA
1013,NA,NA,NA,1,0,0,NA,1,NA,0,0,NA,NA,NA,NA,NA,NA,NA,NA,NA,NA,NA,NA,NA,NA,NA,NA,NA,NA,NA,NA,NA,NA,NA,NA,NA,0,NA,0,NA,NA,NA,NA,NA,NA,NA,NA,NA,NA,NA,NA,NA,NA,NA,NA,NA,NA,NA,NA,NA,NA,NA,NA,NA
1014,0,1,0,0,NA,1,0.9857142568,0,0,0,1,0,4,30,1,1,0,5,0,0,930,800,0,1,2,NA,NA,NA,NA,NA,NA,NA,NA,NA,NA,NA,0,NA,NA,NA,NA,NA,NA,NA,NA,NA,NA,NA,NA,NA,NA,106.6285706,64.39130402,2.575757504,-6.363636494,NA,0,0,0,9.213709831,168.1818237,168.1818237,147.1014557,147.1014557
1015,0,1,0,0,NA,0,NA,1,1,0,0,0,0,23,1,1,0,6,0,300,5880,900,0,0,4,0,50,0,0,1,0,0,4,0.3333333433,NA,NA,0,NA,NA,NA,NA,NA,NA,NA,NA,NA,NA,NA,NA,NA,NA,NA,NA,NA,NA,NA,NA,NA,NA,NA,NA,NA,NA,NA
1016,0,1,0,0,NA,1,1,1,1,0,0,1,8,40,0,0,0,0,0,0,16740,550,0,1,3,1,100,0,0,0,0,1,2,0.1666666716,NA,NA,0,NA,NA,NA,NA,NA,NA,NA,NA,NA,NA,NA,NA,NA,NA,45.41428757,20.94285774,5.285714149,-2.82857132,24.1428566,0,0,0,6.640483856,10.4285717,10.4285717,63.06451797,63.06451797
1017,0,1,0,0,NA,1,0.9857142568,1,1,0,0,0,0,24,1,1,200,7,1,3300,12344.61133,560,0,0,4,NA,NA,NA,NA,NA,NA,NA,NA,NA,NA,NA,0,NA,NA,NA,NA,NA,NA,NA,NA,NA,NA,NA,NA,NA,NA,57.79999924,28.13043404,10.31884098,-2.913043499,NA,0,0.797101438,4.927536011,6.629838467,5.652173996,5.652173996,87.64705658,87.64705658
1018,0,1,0,1,0,1,1,1,1,0,0,1,3,27,1,1,0,8,0,13000,26300,650,0,0,4,1,70,0,0,1,0,0,2,0.4166666567,100,1,1,1,100,0,0,100,100,NA,NA,0,0,0,0,0,0,771.7142944,237.5714264,185.8571472,-9.285714149,44.2857132,31.4285717,134.2857208,17.1428566,13.67021275,60,60,294.3478394,294.3478394
1019,0,1,0,1,0,1,0.8714285493,1,1,0,0,1,7,30,1,1,100,3,1,2500,13700,320,0,0,3,1,80,0,0,1,0,0,3,0.25,150,2,0,1,0,1,0,100,100,NA,NA,0,0,0,0,0,0,235.5142822,74.13114929,8.283333778,-18.86792374,48.39622498,0,0,0,5.364583492,13.88333321,13.88333321,121.896553,121.896553
1020,0,1,0,1,0,0,NA,1,1,0,0,1,6,32,0,0,1450,2,1,2750,13978.5,400,0,0,4,1,50,0,0,1,0,0,2,0.4166666567,0,0,0,0,0,0,0,NA,NA,NA,NA,0,0,0,0,0,0,NA,NA,NA,NA,NA,NA,NA,NA,NA,NA,NA,NA,NA
1021,0,1,0,0,NA,1,1,1,1,0,0,1,4,33,1,1,0,8,0,4500,17550,0,0,1,2,0,50,0,0,0,0,1,3,0.3333333433,NA,NA,0,NA,NA,NA,NA,NA,NA,NA,NA,NA,NA,NA,NA,NA,NA,126.3428574,26.27142906,21.44285774,2.714285612,26.3571434,0,0.1428571492,0.01428571437,2.1219697,12.35714245,12.35714245,50.43478394,50.43478394
1022,0,1,0,1,0,1,1,1,1,0,0,1,3,32,1,1,5700,8,1,700,8262.75,600,0,1,5,1,50,0,1,0,0,0,4,0.75,0,0,0,0,0,0,0,100,100,NA,NA,0,0,0,0,0,0,89.98571777,61.2857132,8.785714149,-8.714285851,27.7857151,1.428571463,5.714285851,0,6.739047527,6.757143021,6.757143021,164.8571472,164.8571472
1023,0,1,0,1,0,1,0.9710144997,1,1,0,0,0,0,29,1,1,0,8,0,0,5610,600,0,1,4,1,50,0,0,1,0,0,3,0.5833333135,0,0,0,0,0,0,0,100,100,NA,NA,0,0,0,0,0,0,394.6956482,157.1044769,214.0923004,14.46153831,NA,0,0,0,6.166666508,14.78461552,14.78461552,155.9259186,155.9259186
1024,0,1,0,1,0,1,1,0,0,0,1,0,2,25,1,1,1500,8,1,300,7700,600,0,1,4,1,30,0,0,0,1,0,4,0.25,0,0,0,0,0,0,0,100,100,NA,NA,0,0,0,0,0,0,157.5,120.4523773,7.119047642,-12.82051277,NA,0,10.71428585,0,9.65307045,217.1538391,217.1538391,189.6428528,189.6428528
1025,0,1,0,1,0,1,1,1,1,0,0,1,5,36,1,1,0,11,0,800,4820,200,0,1,5,1,50,0,0,1,0,0,3,0.25,0,0,0,0,0,0,0,100,100,NA,NA,0,0,0,0,0,0,105.9000015,42.02857208,12.04285717,0.7142857313,26.6428566,0,0.2857142985,0,5.456127644,12.35714245,12.35714245,140.4347839,140.4347839
1026,0,1,0,0,NA,1,1,1,1,0,0,0,0,22,1,1,0,5,0,7000,9300,300,0,1,5,NA,NA,NA,NA,NA,NA,NA,NA,NA,NA,NA,0,NA,NA,NA,NA,NA,NA,NA,NA,NA,NA,NA,NA,NA,NA,124.0389633,70.32467651,30.59740257,3.298701286,NA,0,0,2.597402573,7.198935986,6.948051929,6.948051929,85.57142639,85.57142639
1027,0,1,0,1,0,1,1,0,0,0,1,0,2,28,1,1,42000,7,1,1800,20800,2500,0,0,4,1,100,0,1,0,0,0,3,0.1666666716,56500,10,7,5,51500,5,25000,10320,7500,8333.333008,10000,900,900,0,0,0,0,402.4142761,187.0285645,76.34285736,2.32857132,NA,0,71.85713959,0,10.90928555,1127.857178,442.7419434,1243.900024,669.5999756
1028,0,1,0,0,NA,1,0.9857142568,1,1,0,0,1,3,39,1,1,0,5,0,10500,38500,300,0,0,3,1,50,0,1,0,0,0,2,0.5,NA,NA,0,NA,NA,NA,NA,NA,NA,NA,NA,NA,NA,NA,NA,NA,NA,68.2857132,57.50724792,5.217391491,4.449275494,15.30434799,0,0,0,11.54584503,2.173913002,2.173913002,192.7142792,192.7142792
1029,0,1,0,1,0,1,0.9714285731,0,0,0,1,0,2,36,1,1,2330,12,1,0,5520,300,0,1,3,NA,NA,NA,NA,NA,NA,NA,NA,NA,0,0,0,0,0,0,0,100,100,NA,NA,0,0,0,0,0,0,48.29999924,28.29411697,4.253731251,-3.25757575,NA,0,16.71641731,0,5.440908909,161.1194,161.1194,151.5882416,151.5882416
1031,0,1,0,0,NA,0,NA,1,1,0,0,1,5,42,0,0,9000,5,1,4700,5050,650,0,0,3,1,60,0,NA,NA,NA,NA,5,0.25,NA,NA,0,NA,NA,NA,NA,NA,NA,NA,NA,NA,NA,NA,NA,NA,NA,NA,NA,NA,NA,NA,NA,NA,NA,NA,NA,NA,NA,NA
1032,0,1,0,1,0,1,1,0,0,0,1,0,7,48,0,0,0,0,0,10000,23838.40625,1000,0,0,2,1,100,0,0,0,1,0,1,0.1666666716,58840,21,12,13,16940,8,15000,1549.090942,200,7500,7500,600,300,0,0,0,0,103.4142838,65.18571472,8.62857151,-13.71428585,NA,4.285714149,0,0,0.9071428776,164.7142792,164.7142792,87.7142868,45.50724792
1033,NA,NA,NA,NA,NA,NA,NA,1,1,0,0,NA,NA,NA,NA,NA,NA,NA,NA,NA,NA,NA,NA,NA,NA,1,40,0,0,0,1,0,2,0.5,NA,NA,0,NA,0,NA,NA,NA,NA,NA,NA,NA,NA,NA,NA,NA,NA,NA,NA,NA,NA,NA,NA,NA,NA,NA,NA,NA,NA,NA
1033,NA,NA,NA,1,0,0,NA,1,NA,0,0,NA,NA,NA,NA,NA,NA,NA,NA,NA,NA,NA,NA,NA,NA,NA,NA,NA,NA,NA,NA,NA,NA,NA,NA,NA,0,NA,0,NA,NA,NA,NA,NA,NA,NA,NA,NA,NA,NA,NA,NA,NA,NA,NA,NA,NA,NA,NA,NA,NA,NA,NA,NA
1034,0,1,0,0,NA,1,0.9857142568,0,0,0,1,1,3,26,1,1,15000,8,1,26000,83250,3000,0,0,4,1,70,0,0,1,0,0,4,0.5,NA,NA,0,NA,NA,NA,NA,NA,NA,NA,NA,NA,NA,NA,NA,NA,NA,328.4285583,126.6666641,28.89705849,-17.94117737,-116.9117661,36.76470566,49.26470566,5.147058964,8.884057999,297.2058716,297.2058716,256.3333435,256.3333435
1035,0,1,0,0,NA,0,NA,1,1,0,0,1,4,29,0,0,10080,3,1,3500,7450,400,0,0,4,NA,NA,NA,NA,NA,NA,NA,NA,NA,NA,NA,0,NA,NA,NA,NA,NA,NA,NA,NA,NA,NA,NA,NA,NA,NA,NA,NA,NA,NA,NA,NA,NA,NA,NA,NA,NA,NA,NA
1036,0,1,0,1,0,1,1,0,0,0,1,1,5,28,1,1,0,8,0,0,10726.81152,200,0,1,3,1,80,0,0,1,0,0,2,1,0,0,0,0,0,0,0,100,100,NA,NA,0,0,0,0,0,0,187.1714325,90.75714111,33.30434799,9.714285851,-10.14492798,0,11.44927502,0,3.578921556,4,4,2.657142878,2.657142878
1037,0,1,0,1,0,1,1,1,1,0,0,1,7,47,1,1,4800,11,1,5700,18250,500,0,0,4,1,90,0,0,1,0,0,3,0.5833333135,400,4,4,4,400,0,0,100,100,NA,NA,0,0,0,0,0,0,217.1714325,108.1142883,24.1428566,3.428571463,30.22857094,4.285714149,33.1428566,0,4.078360558,15.78571415,15.78571415,90.67163849,90.67163849
1038,0,1,0,0,NA,1,1,0,0,0,1,0,4,30,1,1,0,7,0,0,20350,100,0,0,3,1,100,1,1,0,0,0,2,0.3333333433,NA,NA,0,NA,NA,NA,NA,NA,NA,NA,NA,NA,NA,NA,NA,NA,NA,139.3714294,60.91428757,22.5714283,0,NA,0,10.71428585,0,8.346428871,377,377,479.1428528,479.1428528
1039,0,1,0,0,NA,1,0.928571403,0,0,0,1,0,3,35,1,1,14400,7,1,10500,12305.07227,1000,0,0,3,NA,50,0,NA,NA,NA,NA,NA,NA,NA,NA,0,NA,NA,NA,NA,NA,NA,NA,NA,NA,NA,NA,NA,NA,NA,493.1666565,171.5384674,65,-20.5128212,NA,0,62.82051468,12.82051277,5.200854778,924.8717651,27.05882263,1172.820557,219.3939362
1040,0,1,0,0,NA,0,NA,1,1,0,0,1,1,21,1,1,1400,7,1,10000,25987.32617,2200,0,0,3,NA,NA,NA,NA,NA,NA,NA,NA,NA,NA,NA,0,NA,NA,NA,NA,NA,NA,NA,NA,NA,NA,NA,NA,NA,NA,NA,NA,NA,NA,NA,NA,NA,NA,NA,NA,NA,NA,NA
1041,0,1,0,1,0,1,0.9387755394,0,0,0,1,1,4,42,1,1,1200,10,1,900,15000,200,0,0,3,0,50,0,0,1,0,0,3,0.4166666567,0,0,0,0,0,0,0,100,100,NA,NA,0,0,0,0,0,0,349.0204163,136.3043518,68.67391205,-15.76086998,0,2.608695745,17.82608604,0,9.161594391,1103.478271,1103.478271,1078.816284,725.4146118
1042,0,1,0,0,NA,1,1,0,0,0,1,1,5,44,1,1,1000,7,1,3200,5649.888672,300,0,0,3,1,50,0,0,1,0,0,2,0.25,NA,NA,0,NA,NA,NA,NA,NA,NA,NA,NA,NA,NA,NA,NA,NA,NA,75.38571167,42,13.5,1.343283534,-8.571428299,0,6.428571224,0,12.81592083,166.0714264,109.4347839,160.4857178,160.4857178
1043,0,1,0,0,NA,0,NA,1,1,0,0,1,3,25,1,1,2200,3,1,1350,7470,50,0,1,4,NA,NA,NA,NA,NA,NA,NA,NA,NA,NA,NA,0,NA,NA,NA,NA,NA,NA,NA,NA,NA,NA,NA,NA,NA,NA,NA,NA,NA,NA,NA,NA,NA,NA,NA,NA,NA,NA,NA
1044,0,1,0,1,0,1,1,1,1,0,0,1,5,45,1,1,2160,12,1,1100,6900,300,0,0,4,NA,NA,NA,NA,NA,NA,NA,NA,NA,350,2,1,2,200,0,0,150,150,NA,NA,0,0,0,0,0,0,41.27142715,18.20000076,8.32857132,-2.142857075,10.5,2.857142925,14,0,9.508928299,3.071428537,3.071428537,80.1818161,80.1818161
1045,0,1,0,0,NA,1,1,0,0,0,1,1,2,23,1,1,250,12,1,120,11499.19824,300,0,0,5,1,0,0,0,0,1,0,3,0.5,NA,NA,0,NA,NA,NA,NA,NA,NA,NA,NA,NA,NA,NA,NA,NA,NA,117.6999969,55.02857208,5.657142639,2.5,-18.3571434,0.571428597,18,1.714285731,8.785416603,72,72,93.15714264,93.15714264
1047,0,1,0,1,0,1,1,1,1,0,0,0,0,22,1,1,2000,8,1,8500,5000,2500,0,0,2,1,50,1,0,0,1,0,3,0.6666666865,7900,20,11,19,2000,1,0,NA,NA,NA,NA,0,0,0,0,0,0,209.4428558,79.02857208,35.91428757,0,NA,3.571428537,16.4285717,0.7142857313,9.852143288,3690.714355,1531.481445,3473.5,1496
1048,0,1,0,0,NA,1,0.8714285493,0,0,0,1,1,7,45,0,0,2040,6,1,29600,9550,500,0,0,4,1,50,1,1,0,0,0,2,0.25,NA,NA,0,NA,NA,NA,NA,NA,NA,NA,NA,NA,NA,NA,NA,NA,NA,72.32857513,44.14754105,11.16666698,3.166666746,0,0.3333333433,7.666666508,6.166666508,3.131578922,58.79999924,58.79999924,77.04917908,77.04917908
1049,0,1,0,1,0,1,0.9857142568,0,0,0,1,1,2,21,1,1,1440,7,1,0,11797.99023,400,0,0,4,1,100,0,0,0,0,1,3,0.25,150,1,1,1,150,0,0,125,125,NA,NA,0,0,0,0,0,0,60.90000153,45.86956406,1.884057999,-6.057971001,-50.768116,0,21.44927597,0,8.113526344,85.6521759,85.6521759,71.14492798,71.14492798
1050,0,1,0,0,NA,0,NA,1,1,0,0,1,1,23,1,1,120,7,1,3100,5450,500,0,1,3,1,50,1,1,0,0,0,3,0.9166666865,NA,NA,0,NA,NA,NA,NA,NA,NA,NA,NA,NA,NA,NA,NA,NA,NA,NA,NA,NA,NA,NA,NA,NA,NA,NA,NA,NA,NA,NA
1051,0,1,0,0,NA,1,1,0,0,0,1,1,1,20,1,1,0,8,0,2900,9224.53125,500,0,1,3,0,50,0,NA,NA,NA,NA,4,0.75,NA,NA,0,NA,NA,NA,NA,NA,NA,NA,NA,NA,NA,NA,NA,NA,NA,253.5428619,105.0857162,56.75714111,-36.8571434,0,4.642857075,6.928571224,20.4285717,11.85660362,750.0714111,750.0714111,835.4285889,835.4285889
1052,0,1,0,1,0,1,1,1,1,0,0,1,1,23,1,1,0,6,0,4600,14250,1000,0,1,5,NA,NA,NA,NA,NA,NA,NA,NA,NA,3970,17,13,13,2670,4,2400,230.8333282,200,1200,1200,0,0,0,0,0,0,229.4571381,111.1428604,33.59999847,-5.08571434,46,12.85714245,0,40.2857132,9.713541985,10.28571415,10.28571415,235.2857208,235.2857208
1054,0,1,0,1,0,0,NA,0,0,0,1,0,1,36,1,1,550,7,1,1000,29215.07227,0,0,1,3,NA,NA,NA,NA,NA,NA,NA,NA,NA,0,0,0,0,0,0,0,NA,NA,NA,NA,0,0,0,0,0,0,NA,NA,NA,NA,NA,NA,NA,NA,NA,NA,NA,NA,NA
1055,0,1,0,0,NA,1,1,0,0,0,1,0,0,28,1,1,250,7,1,300,9063.077148,700,0,1,5,NA,NA,NA,NA,NA,NA,NA,NA,NA,NA,NA,0,NA,NA,NA,NA,NA,NA,NA,NA,NA,NA,NA,NA,NA,NA,500.1224365,114.3469391,54.83673477,18.18367386,NA,2.244897842,30,16.12244987,6.590136051,155.7142792,155.7142792,100.0612259,100.0612259
1056,0,1,0,0,NA,1,1,0,0,0,1,0,2,26,1,1,3400,10,1,1500,75980,1000,0,1,3,NA,NA,NA,NA,NA,NA,NA,NA,NA,NA,NA,0,NA,NA,NA,NA,NA,NA,NA,NA,NA,NA,NA,NA,NA,NA,323.0142822,154.8428497,81.74285889,-11.4285717,NA,-1.428571463,43.7142868,3.571428537,7.647058964,6.642857075,6.642857075,0,0
1057,0,1,0,1,0,0,NA,0,0,0,1,1,5,41,0,0,1750,7,1,5500,15265.2168,500,0,0,4,NA,NA,NA,NA,NA,NA,NA,NA,NA,100,1,1,1,100,0,0,100,100,NA,NA,0,0,0,0,0,0,NA,NA,NA,NA,NA,NA,NA,NA,NA,NA,NA,NA,NA
1058,0,1,0,1,0,0,NA,1,1,0,0,1,2,30,1,1,0,8,0,800,10070,400,0,1,3,NA,NA,NA,NA,NA,NA,NA,NA,NA,0,0,0,0,0,0,0,NA,NA,NA,NA,0,0,0,0,0,0,NA,NA,NA,NA,NA,NA,NA,NA,NA,NA,NA,NA,NA
1059,0,1,0,0,NA,0,NA,0,0,0,1,1,5,30,0,0,2500,3,1,700,7600.210938,100,0,0,4,NA,NA,NA,NA,NA,NA,NA,NA,NA,NA,NA,0,NA,NA,NA,NA,NA,NA,NA,NA,NA,NA,NA,NA,NA,NA,NA,NA,NA,NA,NA,NA,NA,NA,NA,NA,NA,NA,NA
1060,0,1,0,0,NA,1,1,1,1,0,0,1,2,29,1,1,2080,8,1,3750,11570,300,0,0,4,1,100,0,1,0,0,0,3,0.3333333433,NA,NA,0,NA,NA,NA,NA,NA,NA,NA,NA,NA,NA,NA,NA,NA,NA,192.8857117,83.84285736,33.15714264,7.857142925,35.9375,0,8.857142448,2.428571463,10.3253727,22.2857151,22.2857151,109.7142868,109.7142868
1063,0,1,0,0,NA,0,NA,0,0,0,1,1,2,21,1,1,0,7,0,1415.227295,43721.51563,1200,0,0,4,NA,NA,NA,NA,NA,NA,NA,NA,NA,NA,NA,0,NA,NA,NA,NA,NA,NA,NA,NA,NA,NA,NA,NA,NA,NA,NA,NA,NA,NA,NA,NA,NA,NA,NA,NA,NA,NA,NA
1064,0,1,0,1,0,1,1,0,0,0,1,1,6,32,1,1,2400,7,1,3000,13300,350,0,1,2,1,50,0,0,0,0,1,3,0.3333333433,5700,7,6,4,5700,3,4700,1160,100,2350,2350,3900,2700,10002,1667,10000,10000,134.7714233,111.728569,4.714285851,0,0.7142857313,101.4285736,25.7142849,0,7.591666698,596.1428833,517.8261108,392.6714172,392.6714172
1065,0,1,0,1,0,0,NA,0,0,0,1,1,4,32,1,1,3200,6,1,14000,38050.13672,400,0,0,2,1,100,1,1,0,0,0,1,0.4166666567,11400,8,7,7,11400,1,0,1437.5,1500,NA,NA,300,300,0,0,0,0,NA,NA,NA,NA,NA,NA,NA,NA,NA,NA,NA,NA,NA
1066,0,1,0,1,0,1,0.9714285731,1,1,0,0,1,2,25,1,1,1000,8,1,0,11650,800,0,0,5,NA,40,0,0,0,0,1,1,NA,300,2,2,2,300,0,0,133.3333282,100,NA,NA,0,0,0,0,0,0,132.1142883,79.97058868,32.70588303,8.088234901,48.01470566,2.058823586,13.23529434,3.970588207,10.32301617,18.23529434,18.23529434,142.1904755,142.1904755
1067,0,1,0,0,NA,1,1,1,1,0,0,1,3,34,1,1,7200,6,1,12700,5850,2200,0,1,3,1,50,0,0,0,0,1,2,0.5,NA,NA,0,NA,NA,NA,NA,NA,NA,NA,NA,NA,NA,NA,NA,NA,NA,193.9714355,42.70000076,17.02898598,-2.347826004,32.89855194,0.1449275315,12.39130402,8.985507011,7.086494446,29,29,65.51724243,65.51724243
1068,0,1,0,0,NA,1,1,1,1,0,0,1,2,30,1,1,0,8,0,28300,9200,150,0,0,5,NA,NA,NA,NA,NA,NA,NA,NA,NA,NA,NA,0,NA,NA,NA,NA,NA,NA,NA,NA,NA,NA,NA,NA,NA,NA,199.0476227,115.0476227,71.19047546,-24.2857151,78.57142639,0,0,3.333333254,5.981481552,2.380952358,2.380952358,93.33333588,93.33333588
2001,0,1,0,0,NA,1,0.7912088037,0,0,0,1,1,2,23,0,0,4800,2,1,3600,8835.072266,200,0,1,3,1,70,0,0,0,0,1,2,0.25,NA,NA,0,NA,NA,NA,NA,NA,NA,NA,NA,NA,NA,NA,NA,NA,NA,34.13186646,33.29166794,0.8333333135,-34.05555725,1.041666627,0,10.41666698,0,3.388888836,17.56944466,17.56944466,32.43055725,32.43055725
2002,0,1,0,1,0,1,1,0,0,0,1,1,5,35,1,1,3570,12,1,6750,26789.00195,800,0,1,4,1,50,0,0,1,0,0,5,0.6666666865,900,3,3,3,900,0,0,250,200,NA,NA,300,300,0,0,0,0,140.7142792,70.95604706,4.388888836,-59.13186646,-7.555555344,2.222222328,20.44444466,2.777777672,6.994073868,277.8888855,277.8888855,354.8351746,354.8351746
2003,0,1,0,0,NA,1,0.835164845,0,0,0,1,1,5,27,1,1,3600,5,1,26500,4955.833008,300,0,0,4,1,70,0,0,1,0,0,3,0.08333333582,NA,NA,0,NA,NA,NA,NA,NA,NA,NA,NA,NA,NA,NA,NA,NA,NA,35.10988998,19.90789413,2.236842155,0.07246376574,-36.231884,0,5.217391491,0,2.458840609,19.07894707,19.07894707,32.23684311,32.23684311
2004,0,1,0,1,0,1,1,0,0,0,1,1,5,30,1,1,700,8,1,25000,17080.64453,500,0,0,2,1,50,0,0,1,0,0,2,0.3333333433,6250,3,2,3,250,0,0,116.6666641,100,NA,NA,300,300,0,0,0,0,217.1208801,158.9560394,24.03296661,0,0,0,0,0,5.410256386,265.7142944,265.7142944,162.9670258,162.9670258
2005,0,1,0,1,0,1,0.967032969,0,0,0,1,0,0,40,0,0,240,8,1,0,1500,300,0,1,3,1,70,0,0,0,1,0,2,0.4166666567,750,8,7,5,750,3,480,141.6666718,90,240,240,0,0,0,0,0,0,79.02198029,27.71590996,1.045454502,-21.80681801,NA,0,16.81818199,0,3.657945633,11.36363602,11.36363602,17.38636398,17.38636398
2006,0,1,0,1,0,1,0.769230783,0,0,0,1,1,3,47,1,1,550,7,1,600,3688.405762,700,0,0,5,NA,NA,NA,NA,NA,NA,NA,NA,NA,0,0,0,0,0,0,0,100,100,NA,NA,0,0,0,0,0,0,57.47252655,49.79999924,2.157142878,-68.55072784,-139.7058868,0,0,0,4.753623009,2.285714388,2.285714388,11.5,11.5
2007,0,1,0,0,NA,1,0.9780219793,0,0,0,1,0,9,55,1,1,240,8,1,3200,8500,300,0,1,2,1,70,1,1,0,0,0,3,0.25,NA,NA,0,NA,NA,NA,NA,NA,NA,NA,NA,NA,NA,NA,NA,NA,NA,107.4395599,74.42696381,22.47191048,-41.01123428,NA,0,32.24719238,47.19100952,5.033708096,473.2584229,473.2584229,473.0898743,473.0898743
2008,0,1,0,1,0,1,0.9523809552,0,0,0,1,1,5,46,0,0,4800,0,1,1850,8780,420,0,0,3,1,70,1,0,0,1,0,3,0.1666666716,230,3,3,3,230,0,0,82.5,75,NA,NA,0,0,0,0,0,0,31.61904716,14.58333302,0.5833333135,-81.5,0,2.5,12.5,0,2.456944466,21.85000038,21.85000038,32.5,32.5
2009,0,1,0,0,NA,1,0.9890109897,0,0,0,1,1,4,40,0,0,12950,7,1,6400,13008.62207,NA,0,0,3,1,50,0,0,0,0,1,3,0.3333333433,NA,NA,0,NA,NA,NA,NA,NA,NA,NA,NA,NA,NA,NA,NA,NA,NA,154.5824127,89.2555542,21.81111145,8.866666794,-60.22222137,0,98.83333588,0,5.91148138,572.277771,480.7386475,672.388916,514.4185791
2010,0,1,0,1,0,1,1,0,0,0,1,1,1,25,1,1,250,7,1,0,2150,200,0,1,2,1,80,0,0,0,1,0,5,0.6666666865,0,0,0,0,0,0,0,100,100,NA,NA,0,0,0,0,0,0,236.9120941,78.52747345,59.15384674,190.5274658,0,0,44.83516312,5.164834976,3.180370331,594.1098633,594.1098633,649.4505615,649.4505615
2011,0,1,0,0,NA,1,0.9780219793,0,0,0,1,0,6,50,0,0,700,4,1,0,4500,500,0,0,2,1,50,0,0,0,0,1,2,0.1666666716,NA,NA,0,NA,NA,NA,NA,NA,NA,NA,NA,NA,NA,NA,NA,NA,NA,102.9560471,67.35955048,14.94382,4.516853809,NA,22.47191048,72.69663239,5.05618,7.449438095,213.1573029,163.5909119,293.5393372,293.5393372
2012,0,1,0,1,0,1,0.9780219793,0,0,0,1,1,3,26,1,1,0,10,0,0,7100,0,0,1,4,NA,NA,NA,NA,NA,NA,NA,NA,NA,500,6,4,3,500,3,130,150,100,130,130,0,0,0,0,0,0,86.84615326,41.20224762,11.57303333,-4.213483334,-27.52808952,-27.52808952,0,1.123595476,2.258426905,1.011235952,1.011235952,0,0
2013,0,1,0,1,0,1,0.8888888955,1,0,1,0,1,2,21,1,1,0,7,0,0,8160,1000,0,1,5,1,50,1,1,0,0,0,3,0.25,0,0,0,0,0,0,0,100,100,NA,NA,0,0,0,0,0,0,74.30158997,43.6607132,27.875,0,19.6428566,0,0,0,NA,NA,NA,NA,NA
2014,0,1,0,0,NA,1,0.8901098967,1,1,0,0,1,8,42,1,1,0,5,0,600,10400,500,0,1,2,1,50,0,0,0,0,1,4,0.5833333135,30,0,0,0,30,0,0,130,130,NA,NA,0,0,0,0,0,0,85.82417297,47.17284012,33.09876633,-8.765432358,0.8395061493,0,0,0,1.968036532,1.111111164,1.111111164,120.2631607,120.2631607
2015,0,1,0,1,1,0,NA,1,1,0,0,NA,NA,NA,NA,NA,NA,NA,NA,NA,NA,NA,NA,NA,NA,1,100,0,0,0,0,1,5,0.75,NA,NA,NA,NA,NA,NA,NA,NA,NA,NA,NA,NA,NA,NA,NA,NA,NA,NA,NA,NA,NA,NA,NA,NA,NA,NA,NA,NA,NA,NA
2016,0,1,0,0,NA,0,NA,1,0,1,0,1,1,20,1,1,NA,7,1,10000,25100,1800,0,1,4,1,80,0,0,0,0,1,3,0.4166666567,NA,NA,0,NA,NA,NA,NA,NA,NA,NA,NA,NA,NA,NA,NA,NA,NA,NA,NA,NA,NA,NA,NA,NA,NA,NA,NA,NA,NA,NA
2017,0,1,0,1,0,1,1,0,0,0,1,1,4,34,1,1,2000,10,1,3450,10550,2100,0,1,5,1,50,0,0,0,1,0,2,0.75,0,0,0,0,0,0,0,100,100,NA,NA,0,0,0,0,0,0,154.4505463,82.14286041,17.41758156,-7.142857075,-51.15384674,0,6.153846264,1.758241773,5.094322205,256.4835205,256.4835205,225.1098938,199.8333282
2018,0,1,0,1,0,1,0.9780219793,1,0,1,0,0,0,23,1,1,0,12,0,1500,9050,900,0,1,3,1,100,0,0,0,0,1,5,1,0,0,0,0,0,0,0,100,100,NA,NA,0,0,0,0,0,0,68.49450684,42.98876572,20.82022476,-66.88764191,NA,0,0,0.7865168452,13.12471294,839.7078857,839.7078857,926.7415771,926.7415771
2019,0,1,0,1,0,1,0.9682539701,1,0,1,0,1,0,24,1,1,0,7,0,4500,5150,2500,0,0,2,NA,NA,NA,NA,NA,NA,NA,NA,NA,0,0,0,0,0,0,0,NA,NA,NA,NA,0,0,0,0,0,0,45.23809433,39.18032837,20.65573692,-12.78688526,0,0,0,0,8.023809433,NA,NA,NA,NA
2020,0,1,0,1,0,1,0.9120879173,0,0,0,1,0,4,65,0,0,1800,0,1,30000,5400,1000,0,0,2,1,50,0,0,0,1,0,2,1,5150,12,12,10,5150,2,4500,477.2727356,100,2250,2250,0,0,0,0,0,0,36.50549316,21.89156532,0.8433734775,-16.02409554,NA,1.204819322,2.409638643,0,2.192771196,15.90361404,15.90361404,10.78313255,10.78313255
2021,0,1,0,0,NA,1,0.9230769277,0,0,0,1,1,9,45,1,1,2140,11,1,0,6600,3600,0,0,2,1,50,0,0,1,0,0,3,0.5833333135,NA,NA,0,NA,NA,NA,NA,NA,NA,NA,NA,NA,NA,NA,NA,NA,NA,159.6703339,74.51190186,9.096385956,7.807229042,-56.62650681,0,28.37349319,0,6.220883369,126.8674698,126.8674698,148.2023773,148.2023773
2022,0,1,0,0,NA,1,1,0,0,0,1,0,1,34,0,0,0,2,0,0,10997.21094,2000,0,1,4,0,60,0,0,0,0,1,3,0.25,NA,NA,0,NA,NA,NA,NA,NA,NA,NA,NA,NA,NA,NA,NA,NA,NA,155.5714264,100.78022,12.76923084,-34.04395676,NA,0,10.98901081,8.571428299,9.079587936,279.3406677,279.3406677,260.7911987,260.7911987
2023,0,1,0,1,0,0,NA,0,0,0,1,0,6,36,1,1,0,5,0,0,5200,300,0,1,3,0,50,0,0,1,0,0,4,0.5,0,0,0,0,0,0,0,NA,NA,NA,NA,0,0,0,0,0,0,NA,NA,NA,NA,NA,NA,NA,NA,NA,NA,NA,NA,NA
2024,0,1,0,0,NA,1,1,0,0,0,1,0,3,35,1,1,2600,7,1,400,13950,2100,0,1,3,1,50,0,1,0,0,0,4,0.5833333135,NA,NA,0,NA,NA,NA,NA,NA,NA,NA,NA,NA,NA,NA,NA,NA,NA,204.791214,81.87911987,39.51648331,-228.0769196,NA,-61.37362671,81.16483307,0,10.12602997,829.967041,829.967041,770.6264038,770.6264038
2025,0,1,0,1,0,0,NA,0,0,0,1,0,2,30,0,0,150,7,1,0,500,200,0,0,4,1,100,0,0,1,0,0,1,0.4166666567,0,0,0,0,0,0,0,NA,NA,NA,NA,0,0,0,0,0,0,NA,NA,NA,NA,NA,NA,NA,NA,NA,NA,NA,NA,NA
2026,0,1,0,0,NA,1,0.9560439587,0,0,0,1,0,4,36,1,1,0,7,0,0,1700,800,0,0,3,1,100,0,0,1,0,0,3,0.4166666567,NA,NA,0,NA,NA,NA,NA,NA,NA,NA,NA,NA,NA,NA,NA,NA,NA,123.4945068,42.42528915,5.482758522,2160.080566,NA,3.448275805,21.95402336,0,6.073563099,2296.816162,502.5862122,2372.172363,176.2545471
2027,0,1,0,1,0,1,0.9450549483,0,0,0,1,0,8,49,0,0,2400,1,1,9000,2000,500,0,0,3,0,50,1,1,0,0,0,2,0.4166666567,6000,9,6,3,5000,6,3900,NA,NA,NA,NA,0,0,0,0,0,0,96.61538696,63.7441864,8.95348835,-54.22618866,NA,0,20.35294151,0,3.934313774,43.05882263,43.05882263,45.40697861,45.40697861
2028,0,1,0,0,NA,1,1,1,0,1,0,1,4,36,1,1,0,8,0,13000,47590,NA,0,0,4,0,10,0,0,1,0,0,7,0.75,NA,NA,0,NA,NA,NA,NA,NA,NA,NA,NA,NA,NA,NA,NA,NA,NA,44.96825409,26.79365158,8.888889313,10.63492107,44.44444275,-3.174603224,0,0,9.952777863,NA,NA,NA,NA
2029,0,1,0,1,0,1,1,1,0,1,0,1,7,49,1,1,0,7,0,73432.45313,64070,NA,0,1,4,NA,NA,NA,NA,NA,NA,NA,NA,NA,51546,12,7,1,51546,11,37625,NA,NA,NA,NA,300,300,0,0,0,0,313.7714233,119.8285751,96.57142639,-10.28571415,117.1428604,0,0,0,1.666666627,51.7142868,51.7142868,861.4285889,220.9677429
2030,0,1,0,0,NA,1,0.9890109897,0,0,0,1,0,5,26,1,1,5200,7,1,0,800,790,0,0,3,0,50,1,1,0,0,0,3,0.5833333135,NA,NA,0,NA,NA,NA,NA,NA,NA,NA,NA,NA,NA,NA,NA,NA,NA,216.1428528,143.3777771,0.555555582,0,NA,65.55555725,23.33333397,2.222222328,3.177777767,232.2444458,232.2444458,281.6666565,281.6666565
2031,0,1,0,1,0,0,NA,0,0,0,1,1,0,19,1,1,220,7,1,600,13930,500,0,0,3,NA,NA,NA,NA,NA,NA,NA,NA,NA,0,0,0,0,0,0,0,NA,NA,NA,NA,0,0,0,0,0,0,NA,NA,NA,NA,NA,NA,NA,NA,NA,NA,NA,NA,NA
2032,0,1,0,0,NA,1,0.793650806,0,0,0,1,0,2,35,1,1,0,7,0,0,970,NA,0,1,4,NA,NA,NA,NA,NA,NA,NA,NA,NA,NA,NA,0,NA,NA,NA,NA,NA,NA,NA,NA,NA,NA,NA,NA,NA,NA,59.7142868,57.34000015,16.39999962,1.399999976,NA,0,8,0,3.056999922,258.7999878,88.125,196.3000031,196.3000031
2033,0,1,0,1,0,1,0.9841269851,1,0,1,0,1,3,25,1,1,10520,12,1,18650,21000,1000,0,0,4,NA,NA,NA,NA,NA,NA,NA,NA,NA,2000,17,17,16,2000,1,2000,123.5294113,100,2000,2000,0,0,0,0,0,0,75.98412323,36.24193573,33.14516068,0,-9.677419662,9.677419662,0,0,5.20909071,NA,NA,NA,NA
2034,0,1,0,0,NA,1,0.9365079403,1,0,1,0,1,2,31,1,1,0,8,0,200,4400,350,0,0,3,1,30,0,0,1,0,0,3,0.5833333135,NA,NA,0,NA,NA,NA,NA,NA,NA,NA,NA,NA,NA,NA,NA,NA,NA,48.09523773,33.0169487,6.016949177,-27.45762634,23.22033882,-16.94915199,0,1.694915295,5.277777672,1.525423765,1.525423765,59.32203293,59.32203293
2035,0,1,0,1,0,1,1,1,0,1,0,1,2,26,1,1,0,6,0,400,1100,900,0,1,3,NA,NA,NA,NA,NA,NA,NA,NA,NA,0,0,0,0,0,0,0,100,100,NA,NA,0,0,0,0,0,0,51.55555725,44.66666794,16.66666603,-10.47619057,0,0,0,0,12.19819832,NA,NA,NA,NA
2036,0,1,0,1,0,1,0.9682539701,1,0,1,0,1,2,27,1,1,0,8,0,14000,7580,600,0,1,3,1,80,0,0,0,1,0,5,0.6666666865,0,0,0,0,0,0,0,100,100,NA,NA,0,0,0,0,0,0,200.2698364,55.49180222,60.29508209,3.934426308,49.01639175,0,0,0,9.810204506,35.73770523,35.73770523,424.5901489,320.3389893
2037,0,1,0,1,0,1,1,0,0,0,1,0,1,20,1,1,0,12,0,0,4500,800,0,1,3,1,50,0,0,1,0,0,2,0.5833333135,0,0,0,0,0,0,0,100,100,NA,NA,0,0,0,0,0,0,114.0476227,70.69841003,22.93650818,-10.15873051,NA,8.730158806,0,0,8.827485085,3.174603224,3.174603224,88.41269684,88.41269684
2038,0,1,0,0,NA,1,1,1,0,1,0,1,4,29,1,1,0,11,0,9000,21959.12305,1000,0,0,3,1,80,0,NA,NA,NA,NA,4,0.9166666865,NA,NA,0,NA,NA,NA,NA,NA,NA,NA,NA,NA,NA,NA,NA,NA,NA,187.3968201,88.98412323,48.09523773,-3.174603224,30.95238113,0,0,0,1.600000024,393.0952454,191,565.0793457,148.2758636
2039,0,1,0,1,0,1,1,1,0,1,0,0,0,18,1,1,0,10,0,0,4550,NA,0,1,3,0,80,0,0,0,0,1,5,0.9166666865,2000,3,3,2,2000,1,950,700,1000,950,950,0,0,0,0,0,0,98.16483307,56.51648331,63.49450684,-2.197802305,NA,33.40659332,8.571428299,0,5.904074192,623.5714111,251.6265106,887.3626099,868.222229
2040,0,1,0,0,NA,1,0.9230769277,0,0,0,1,1,3,41,1,1,9410,6,1,2535.220703,5550,500,0,0,4,1,60,0,0,0,1,0,3,0.5833333135,NA,NA,0,NA,NA,NA,NA,NA,NA,NA,NA,NA,NA,NA,NA,NA,NA,50.67033005,32.0357132,1.25,-36.30952454,-32.5,0,21.4285717,0,3.334126949,31.54761887,31.54761887,53.0357132,53.0357132
2041,0,1,0,0,NA,1,1,1,0,1,0,1,0,21,1,1,2100,10,1,2600,8120,640,0,0,3,NA,NA,NA,NA,NA,NA,NA,NA,NA,NA,NA,0,NA,NA,NA,NA,NA,NA,NA,NA,NA,NA,NA,NA,NA,NA,128.5164795,39.72527313,40.58241653,-128.3516541,73.73626709,-2.747252703,2.197802305,4.175824165,6.412546635,524.0549316,524.0549316,388.3186951,388.3186951
2042,0,1,0,1,0,1,0.9780219793,1,0,1,0,0,0,25,1,1,6900,12,1,0,20420,510,0,1,3,0,90,1,1,0,0,0,2,0.5833333135,850,4,3,1,850,3,600,475,475,300,300,300,300,0,0,0,0,162.5604401,82.67415619,46.57303238,7.977528095,NA,19.78651619,12.13483143,3.370786428,3.828651667,715.2471924,419.8433838,285.2808838,285.2808838
2043,0,1,0,0,NA,1,0.9841269851,1,0,1,0,0,0,33,1,1,0,7,0,200,2530,700,0,1,4,1,50,0,0,1,0,0,4,0.5,NA,NA,0,NA,NA,NA,NA,NA,NA,NA,NA,NA,NA,NA,NA,NA,NA,62.09523773,47.95161438,33.79032135,-2.741935492,NA,0,2.419354916,0,4.034090996,0.3225806355,0.3225806355,44.67741776,44.67741776
2044,0,1,0,1,0,0,NA,0,0,0,1,0,2,20,1,1,1500,4,1,0,270,500,0,1,3,NA,NA,NA,NA,NA,NA,NA,NA,NA,0,0,0,0,0,0,0,100,100,NA,NA,0,0,0,0,0,0,NA,NA,NA,NA,NA,NA,NA,NA,NA,NA,NA,NA,NA
2045,0,1,0,0,NA,1,1,1,0,1,0,1,7,40,1,1,0,7,0,1000,41400,NA,0,0,4,1,80,0,1,0,0,0,4,0.3333333433,NA,NA,0,NA,NA,NA,NA,NA,NA,NA,NA,NA,NA,NA,NA,NA,NA,173.9682465,50,38.69841385,1.111111164,95.23809814,-80.79364777,7.142857075,0,10.14023018,38.25396729,38.25396729,247.222229,247.222229
2046,0,1,0,0,NA,1,0.777777791,0,0,0,1,1,2,18,1,0,0,3,0,10362.18555,18859.55469,NA,0,1,3,1,50,0,0,1,0,0,1,0.4166666567,NA,NA,0,NA,NA,NA,NA,NA,NA,NA,NA,NA,NA,NA,NA,NA,NA,81.50793457,60.02040863,18.97959137,-3.46938777,0,0,20,2.244897842,8.15625,87.08163452,87.08163452,105.408165,105.408165
2047,0,1,0,0,NA,1,0.9523809552,0,0,0,1,1,1,20,1,1,0,7,0,300,6150,1000,0,0,5,1,50,0,0,1,0,0,2,0.3333333433,NA,NA,0,NA,NA,NA,NA,NA,NA,NA,NA,NA,NA,NA,NA,NA,NA,116.5555573,69.1166687,14,-5.416666508,-32.08333206,0,38.83333206,4.166666508,9.493452072,183.4166718,183.4166718,144.1666718,144.1666718
2048,0,1,0,0,NA,1,1,1,0,1,0,1,3,25,1,1,9400,8,1,2800,17600,700,0,0,5,1,60,0,1,0,0,0,3,0.8333333135,NA,NA,0,NA,NA,NA,NA,NA,NA,NA,NA,NA,NA,NA,NA,NA,NA,176.6263733,96.86813354,24.60439491,4.39560461,68.13186646,0,78.90110016,0,4.262411118,18.17582512,18.17582512,203.2325592,203.2325592
2049,0,1,0,0,NA,1,1,1,0,1,0,0,2,32,1,1,4180,7,1,3000,16536.06641,800,0,1,3,1,100,1,1,0,0,0,3,0.3333333433,NA,NA,0,NA,NA,NA,NA,NA,NA,NA,NA,NA,NA,NA,NA,NA,NA,195.9682465,93.26984406,36.07936478,10.31746006,NA,-31.74603081,22.38095284,4.761904716,8.742424011,4.761904716,4.761904716,203.1746063,203.1746063
2050,0,1,0,1,0,1,1,1,0,1,0,0,0,24,1,1,0,8,0,400,8900,700,0,1,3,1,80,0,0,1,0,0,3,0.6666666865,0,0,0,0,0,0,0,100,100,NA,NA,0,0,0,0,0,0,131.9523773,71.6031723,72.2857132,-39.84127045,NA,0,0,0,3.608695745,1.90476191,1.90476191,108.7301559,108.7301559
2051,0,1,0,0,NA,0,NA,0,0,0,1,NA,NA,NA,NA,NA,NA,NA,NA,NA,NA,NA,NA,NA,NA,1,50,0,NA,NA,NA,NA,5,0.25,NA,NA,NA,NA,NA,NA,NA,NA,NA,NA,NA,NA,NA,NA,NA,NA,NA,NA,NA,NA,NA,NA,NA,NA,NA,NA,NA,NA,NA,NA
2052,0,1,0,1,0,1,1,0,0,0,1,0,3,36,0,0,4800,5,1,2200,6550,700,0,1,4,1,60,0,0,1,0,0,1,0.1666666716,100,1,1,1,100,0,0,100,100,NA,NA,0,0,0,0,0,0,85.03174591,54.2857132,14.6984129,-1.111111164,NA,1.587301612,15.8730154,0,10.93027782,23.33333397,23.33333397,234.6031799,234.6031799
2053,0,1,0,1,1,0,NA,1,0,1,0,NA,NA,NA,NA,NA,NA,NA,NA,NA,NA,NA,NA,NA,NA,1,80,0,0,1,0,0,4,0.3333333433,NA,NA,NA,NA,NA,NA,NA,NA,NA,NA,NA,NA,NA,NA,NA,NA,NA,NA,NA,NA,NA,NA,NA,NA,NA,NA,NA,NA,NA,NA
2054,0,1,0,0,NA,1,1,0,0,0,1,1,2,19,1,1,2880,8,1,0,9567.226563,NA,0,1,3,1,70,0,0,0,1,0,3,0.4166666567,NA,NA,0,NA,NA,NA,NA,NA,NA,NA,NA,NA,NA,NA,NA,NA,NA,91.41269684,62.42856979,6.777777672,-8.730158806,-72.69841003,0,13.33333302,0,8.256944656,56.19047546,56.19047546,133.1746063,133.1746063
2055,0,1,0,0,NA,1,1,1,0,1,0,1,2,23,1,1,0,6,0,1100,7270,1400,0,0,3,1,50,0,0,0,1,0,4,0.3333333433,NA,NA,0,NA,NA,NA,NA,NA,NA,NA,NA,NA,NA,NA,NA,NA,NA,54.06349182,48.19047546,18.25396919,-39.52381134,0,0,0,31.74603081,7.536363602,3.650793552,3.650793552,67.61904907,67.61904907
2056,0,1,0,0,NA,1,0.9230769277,1,0,1,0,1,2,23,1,1,0,8,0,200,13000,500,0,0,4,1,50,0,0,1,0,0,2,1,NA,NA,0,NA,NA,NA,NA,NA,NA,NA,NA,NA,NA,NA,NA,NA,NA,215.406601,85.01190186,49.20238113,0,56.72618866,0,0,0,10.78958321,1.785714269,1.785714269,86.86746979,86.86746979
2057,0,1,0,0,NA,1,0.7619047761,1,0,1,0,1,3,39,1,1,0,12,0,8100,5950,400,0,1,4,1,50,0,0,1,0,0,4,0.6666666865,NA,NA,0,NA,NA,NA,NA,NA,NA,NA,NA,NA,NA,NA,NA,NA,NA,205.0634918,115.0416641,54.25,-57.91666794,37.08333206,0,18.75,16.97916603,5.174242496,7.8125,7.8125,55.625,55.625
3001,0,0,1,1,0,1,1,0,0,0,1,0,1,28,1,1,5200,8,1,0,0,NA,NA,NA,NA,NA,50,0,1,0,0,0,NA,NA,0,0,0,0,0,0,0,NA,NA,NA,NA,300,0,0,0,0,0,394.6000061,122.7142868,137.7142792,-23.4375,-68.75,18.75,28.5714283,0,7.90625,495.3125,495.3125,415.1428528,415.1428528
3002,0,0,1,1,0,1,1,0,0,0,1,1,4,20,0,0,5760,4,1,1500,0,NA,NA,NA,NA,NA,80,0,0,1,0,0,NA,NA,0,0,0,0,0,0,0,NA,NA,NA,NA,300,0,0,0,0,0,177.5714264,89.85713959,16.2857151,-3.485714197,-40.57143021,0,28.2142849,0,1.028571486,7.142857075,7.142857075,0,0
3003,0,0,1,1,0,0,NA,0,0,0,1,1,3,35,1,1,6000,7,1,19800,0,NA,NA,NA,NA,NA,70,0,0,0,0,1,NA,NA,0,0,0,0,0,0,0,NA,NA,NA,NA,300,0,0,0,0,0,NA,NA,NA,NA,NA,NA,NA,NA,NA,NA,NA,NA,NA
3004,0,0,1,1,0,0,NA,0,0,0,1,1,5,35,1,1,1200,8,1,1100,0,NA,NA,NA,NA,NA,90,0,1,0,0,0,NA,NA,0,0,0,0,0,0,0,NA,NA,NA,NA,300,0,0,0,0,0,NA,NA,NA,NA,NA,NA,NA,NA,NA,NA,NA,NA,NA
3005,0,0,1,0,NA,1,0.9714285731,0,0,0,1,1,2,21,1,1,2400,7,1,1400,0,NA,NA,NA,NA,NA,100,0,0,0,0,1,NA,NA,NA,NA,0,NA,NA,NA,NA,NA,NA,NA,NA,NA,NA,NA,NA,NA,NA,231.3571472,107.2794113,28.05970192,-2.761193991,-39.10447693,0,6.417910576,12.68656731,7.72616148,406.6417847,406.6417847,375.5,375.5
3006,0,0,1,0,NA,1,0.9206349254,0,0,0,1,0,4,63,0,0,1200,0,1,0,0,NA,NA,NA,NA,NA,100,0,0,0,1,0,NA,NA,NA,NA,0,NA,NA,NA,NA,NA,NA,NA,NA,NA,NA,NA,NA,NA,NA,50.55555725,37.06896591,3.793103456,-47.24137878,0,0,2.068965435,0,2.435344934,0,0,0,0
3007,0,0,1,1,0,1,1,0,0,0,1,1,2,25,1,1,2400,8,1,600,0,NA,NA,NA,NA,NA,100,0,0,0,0,1,NA,NA,0,0,0,0,0,0,0,NA,NA,NA,NA,3900,3600,0,0,0,0,135.2285767,96.69999695,3.231884003,-4.347826004,-32.60869598,4.347826004,95.07246399,0,11.04396152,4467.709961,2965.307617,4833.356934,1312.857178
3008,0,0,1,1,0,1,1,0,0,0,1,1,0,24,1,1,5200,7,1,0,0,NA,NA,NA,NA,NA,50,0,0,0,0,1,NA,NA,0,0,0,0,0,0,0,NA,NA,NA,NA,300,0,0,0,0,0,147.0857086,101,6.642857075,-5.514705658,-186.9285736,0,20,0,4.646666527,63.1428566,63.1428566,97.42857361,97.42857361
3009,0,0,1,0,NA,1,0.8999999762,0,0,0,1,1,3,35,0,0,2400,2,1,6800,0,NA,NA,NA,NA,NA,50,0,0,0,0,1,NA,NA,NA,NA,0,NA,NA,NA,NA,NA,NA,NA,NA,NA,NA,NA,NA,NA,NA,157.9428558,70.1111145,6.349206448,-49.36507797,-0.4761904776,0,26.34920692,10.31746006,2.666666746,11.74603176,11.74603176,0,0
3010,0,0,1,0,NA,0,NA,0,0,0,1,1,5,30,1,1,12000,7,1,600,0,NA,NA,NA,NA,NA,50,0,0,0,0,1,NA,NA,NA,NA,0,NA,NA,NA,NA,NA,NA,NA,NA,NA,NA,NA,NA,NA,NA,NA,NA,NA,NA,NA,NA,NA,NA,NA,NA,NA,NA,NA
3011,0,0,1,1,1,0,NA,0,0,0,1,1,2,20,1,1,12000,8,1,0,0,NA,NA,NA,NA,NA,50,0,0,0,0,1,NA,NA,NA,NA,0,NA,0,NA,NA,NA,NA,NA,NA,NA,NA,NA,NA,NA,NA,NA,NA,NA,NA,NA,NA,NA,NA,NA,NA,NA,NA,NA
3012,0,0,1,1,0,1,0.8714285493,0,0,0,1,1,6,45,0,0,1040,5,1,900,0,NA,NA,NA,NA,NA,0,1,1,0,0,0,NA,NA,0,0,0,0,0,0,0,NA,NA,NA,NA,300,0,0,0,0,0,57.2857132,47.9180336,2.950819731,-9.508196831,-2.459016323,0,7.704917908,0,4.221311569,65.24590302,65.24590302,63.27869034,63.27869034
3013,0,0,1,0,NA,1,1,0,0,0,1,0,3,24,1,1,6000,8,1,600,0,NA,NA,NA,NA,NA,20,0,0,0,0,1,NA,NA,NA,NA,0,NA,NA,NA,NA,NA,NA,NA,NA,NA,NA,NA,NA,NA,NA,400.2142944,110.3285751,93,5.441176414,0,0,35,0,6.948412895,7.214285851,7.214285851,0,0
3014,0,0,1,1,0,1,1,0,0,0,1,1,1,28,0,0,5200,5,1,1200,0,NA,NA,NA,NA,NA,80,0,0,0,1,0,NA,NA,0,1,1,0,0,1,110,NA,NA,110,110,600,300,0,0,0,0,365.1285706,173.2857208,72.7857132,-14.28571415,5,10,10.85714245,51.42856979,8.863077164,239.5,239.5,212.6428528,212.6428528
3015,0,0,1,0,NA,0,NA,0,0,0,1,1,6,49,0,0,5200,6,1,600,0,NA,NA,NA,NA,NA,80,0,0,0,1,0,NA,NA,NA,NA,0,NA,NA,NA,NA,NA,NA,NA,NA,NA,NA,NA,NA,NA,NA,NA,NA,NA,NA,NA,NA,NA,NA,NA,NA,NA,NA,NA
3016,0,0,1,0,NA,1,0.8999999762,0,0,0,1,0,6,38,1,1,6000,6,1,4000,0,NA,NA,NA,NA,NA,80,0,0,0,0,1,NA,NA,NA,NA,0,NA,NA,NA,NA,NA,NA,NA,NA,NA,NA,NA,NA,NA,NA,76.88571167,44.06349182,12.6984129,-36.19047546,0,0,19.20634842,1.587301612,14.45654774,103.650795,103.650795,57.84127045,57.84127045
3017,0,0,1,1,0,1,0.8999999762,0,0,0,1,0,2,40,0,0,2400,3,1,1200,0,NA,NA,NA,NA,NA,50,1,1,0,0,0,NA,NA,400,1,1,1,500,0,0,500,500,NA,NA,300,0,0,0,0,0,75.01428223,17.50793648,0.793650806,-28.61904716,0,0,21.4285717,0,2.896825314,53.17460251,53.17460251,65.7142868,65.7142868
3018,0,0,1,0,NA,1,1,0,0,0,1,1,5,37,1,1,2400,8,1,200,0,NA,NA,NA,NA,NA,50,0,0,0,0,1,NA,NA,NA,NA,0,NA,NA,NA,NA,NA,NA,NA,NA,NA,NA,NA,NA,NA,NA,139.0714264,79.64286041,9.637681007,-8.333333015,-74.78260803,0,12.173913,0,2.705939293,168.2608643,168.2608643,180.8571472,180.8571472
3019,0,0,1,1,0,0,NA,0,0,0,1,1,2,25,0,0,6000,7,1,4400,0,NA,NA,NA,NA,NA,80,0,0,0,0,1,NA,NA,NA,NA,0,NA,0,NA,NA,NA,NA,NA,NA,NA,NA,NA,NA,NA,NA,NA,NA,NA,NA,NA,NA,NA,NA,NA,NA,NA,NA,NA
3020,0,0,1,0,NA,1,1,0,0,0,1,1,2,32,0,0,6000,0,1,0,0,NA,NA,NA,NA,NA,60,0,0,0,1,0,NA,NA,NA,NA,0,NA,NA,NA,NA,NA,NA,NA,NA,NA,NA,NA,NA,NA,NA,205.1428528,135.0158691,25.29508209,-1.967213154,-21.47541046,0,107.2131119,0,8.484127045,1623.475464,188.8571472,1236.507935,754.3478394
3021,0,0,1,1,0,1,1,0,0,0,1,1,3,28,1,1,6000,8,1,13000,0,NA,NA,NA,NA,NA,0,0,0,0,0,1,NA,NA,93100,28,26,16,91200,12,32500,6514.285645,8200,2708.333252,750,300,0,0,0,0,0,563.2999878,300.9285583,81.57142639,-1.428571463,-40.42856979,-4.285714149,57.2857132,5,7.567857265,1269.142822,1118.9552,586.2857056,532.9411621
3022,0,0,1,0,NA,1,0.9714285731,0,0,0,1,1,2,45,1,1,12000,10,1,0,0,NA,NA,NA,NA,NA,60,0,0,0,0,1,NA,NA,NA,NA,0,NA,NA,NA,NA,NA,NA,NA,NA,NA,NA,NA,NA,NA,NA,139.2285767,99.60294342,9.776119232,-22.014925,-5.373134136,0,20,0,3.011868715,411.0447693,411.0447693,481.8382263,481.8382263
3023,0,0,1,0,NA,0,NA,0,0,0,1,1,6,43,0,0,10400,4,1,2250,0,NA,NA,NA,NA,NA,50,0,1,0,0,0,NA,NA,NA,NA,0,NA,NA,NA,NA,NA,NA,NA,NA,NA,NA,NA,NA,NA,NA,NA,NA,NA,NA,NA,NA,NA,NA,NA,NA,NA,NA,NA
3024,0,0,1,1,0,0,NA,0,0,0,1,0,3,50,0,0,2400,0,1,3600,0,NA,NA,NA,NA,NA,100,0,0,1,0,0,NA,NA,0,0,0,0,0,0,0,NA,NA,NA,NA,300,0,0,0,0,0,NA,NA,NA,NA,NA,NA,NA,NA,NA,NA,NA,NA,NA
3025,0,0,1,1,0,0,NA,0,0,0,1,0,5,50,0,0,1560,0,1,10400,0,NA,NA,NA,NA,NA,50,1,1,0,0,0,NA,NA,210,7,7,7,310,0,0,44.2857132,50,NA,NA,300,0,0,0,0,0,NA,NA,NA,NA,NA,NA,NA,NA,NA,NA,NA,NA,NA
3026,0,0,1,0,NA,1,0.9571428299,0,0,0,1,0,7,35,1,1,10400,7,1,450,0,NA,NA,NA,NA,NA,50,0,0,0,0,1,NA,NA,NA,NA,0,NA,NA,NA,NA,NA,NA,NA,NA,NA,NA,NA,NA,NA,NA,210.1000061,54.55223846,41.36363602,17.03333282,-3.636363745,0.7575757504,51.56060791,2.424242496,4.786767483,608.8636475,608.8636475,676.2686768,544.21875
3027,0,0,1,0,NA,0,NA,0,0,0,1,1,4,40,1,1,1200,12,1,0,0,NA,NA,NA,NA,NA,60,0,0,1,0,0,NA,NA,NA,NA,0,NA,NA,NA,NA,NA,NA,NA,NA,NA,NA,NA,NA,NA,NA,NA,NA,NA,NA,NA,NA,NA,NA,NA,NA,NA,NA,NA
3028,0,0,1,0,NA,1,0.8999999762,0,0,0,1,1,5,28,1,1,6000,2,1,1000,0,NA,NA,NA,NA,NA,50,0,0,0,0,1,NA,NA,NA,NA,0,NA,NA,NA,NA,NA,NA,NA,NA,NA,NA,NA,NA,NA,NA,93.22856903,65.20635223,16.98412704,-33.09523773,-33.33333206,0,16.34920692,0,6.151881695,188.5714264,188.5714264,92.33333588,92.33333588
3029,0,0,1,1,0,1,0.928571403,0,0,0,1,1,5,29,1,1,480,8,1,2000,0,NA,NA,NA,NA,NA,80,0,0,0,1,0,NA,NA,15000,4,4,2,15100,2,14970,7550,7550,7485,7485,300,0,0,0,0,0,103.5857162,69.55384827,11.74603176,-8.928571701,-6.349206448,0.793650806,21.90476227,0,4.063492298,190.4761963,190.4761963,247.384613,26.33333397
3030,0,0,1,0,NA,0,NA,0,0,0,1,1,3,52,0,0,12000,5,1,3100,0,NA,NA,NA,NA,NA,100,0,0,0,0,1,NA,NA,NA,NA,0,NA,NA,NA,NA,NA,NA,NA,NA,NA,NA,NA,NA,NA,NA,NA,NA,NA,NA,NA,NA,NA,NA,NA,NA,NA,NA,NA
3031,0,0,1,1,0,0,NA,0,0,0,1,0,2,44,0,0,2400,2,1,4500,0,NA,NA,NA,NA,NA,60,0,0,0,0,1,NA,NA,0,0,0,0,0,0,0,NA,NA,NA,NA,300,0,0,0,0,0,NA,NA,NA,NA,NA,NA,NA,NA,NA,NA,NA,NA,NA
3032,0,0,1,0,NA,0,NA,0,0,0,1,0,6,35,1,1,7800,0,1,600,0,NA,NA,NA,NA,NA,50,0,0,0,1,0,NA,NA,NA,NA,0,NA,NA,NA,NA,NA,NA,NA,NA,NA,NA,NA,NA,NA,NA,NA,NA,NA,NA,NA,NA,NA,NA,NA,NA,NA,NA,NA
3033,0,0,1,0,NA,0,NA,0,0,0,1,1,1,21,1,1,12000,12,1,0,0,NA,NA,NA,NA,NA,90,0,0,0,0,1,NA,NA,NA,NA,0,NA,NA,NA,NA,NA,NA,NA,NA,NA,NA,NA,NA,NA,NA,NA,NA,NA,NA,NA,NA,NA,NA,NA,NA,NA,NA,NA
3034,0,0,1,0,NA,0,NA,0,0,0,1,1,1,30,1,1,12000,11,1,3000,0,NA,NA,NA,NA,NA,80,0,0,0,0,1,NA,NA,NA,NA,0,NA,NA,NA,NA,NA,NA,NA,NA,NA,NA,NA,NA,NA,NA,NA,NA,NA,NA,NA,NA,NA,NA,NA,NA,NA,NA,NA
3035,0,0,1,1,0,1,0.8999999762,0,0,0,1,1,3,23,1,1,480,8,1,3600,0,NA,NA,NA,NA,NA,60,0,1,0,0,0,NA,NA,0,0,0,0,0,0,0,NA,NA,NA,NA,300,0,0,0,0,0,195.3000031,82.61904907,22.61904716,-15.1785717,-31.74603081,-1.587301612,3.809523821,1.587301612,1.895161271,15.71428585,15.71428585,23.01587296,23.01587296
3036,0,0,1,0,NA,1,0.8999999762,0,0,0,1,0,7,40,1,1,1200,7,1,13900,0,NA,NA,NA,NA,NA,70,0,0,0,0,1,NA,NA,NA,NA,0,NA,NA,NA,NA,NA,NA,NA,NA,NA,NA,NA,NA,NA,NA,238.3857117,131.4285736,47.60317612,88.41269684,0,0,42.8571434,26.98412704,12.44444466,210.3174591,210.3174591,161.0158691,161.0158691
3037,0,0,1,0,NA,1,0.9714285731,0,0,0,1,1,4,24,1,1,2400,7,1,1500,0,NA,NA,NA,NA,NA,50,0,0,0,1,0,NA,NA,NA,NA,0,NA,NA,NA,NA,NA,NA,NA,NA,NA,NA,NA,NA,NA,NA,64.84285736,45.82352829,12.64705849,0,-47.05882263,0,7.647058964,0,3.478072882,272.4411621,272.4411621,478.3823547,390.7462769
3038,0,0,1,1,0,0,NA,0,0,0,1,1,9,45,1,1,1200,9,1,1250,0,NA,NA,NA,NA,NA,90,0,0,0,1,0,NA,NA,0,0,0,0,0,0,0,NA,NA,NA,NA,300,0,0,0,0,0,NA,NA,NA,NA,NA,NA,NA,NA,NA,NA,NA,NA,NA
3039,0,0,1,1,0,1,0.8999999762,0,0,0,1,0,4,45,0,0,13200,3,1,0,0,NA,NA,NA,NA,NA,50,0,0,0,0,1,NA,NA,0,0,0,0,0,0,0,NA,NA,NA,NA,300,0,0,0,0,0,158.6714325,122.5396805,48.65079498,15.8730154,0,0,279.5238037,0,4.384920597,2166.19043,62.66666794,1905.714233,42.44897842
3040,0,0,1,0,NA,0,NA,0,NA,0,0,NA,0,NA,NA,NA,0,NA,NA,NA,NA,NA,NA,NA,NA,NA,NA,NA,NA,NA,NA,NA,NA,NA,NA,NA,0,NA,NA,NA,NA,NA,NA,NA,NA,NA,NA,NA,NA,NA,NA,NA,NA,NA,NA,NA,NA,NA,NA,NA,NA,NA,NA,NA
3041,0,0,1,0,NA,0,NA,0,0,0,1,0,3,26,1,1,1200,2,1,4200,0,NA,NA,NA,NA,NA,50,0,1,0,0,0,NA,NA,NA,NA,0,NA,NA,NA,NA,NA,NA,NA,NA,NA,NA,NA,NA,NA,NA,NA,NA,NA,NA,NA,NA,NA,NA,NA,NA,NA,NA,NA
3042,0,0,1,1,0,1,1,0,0,0,1,1,6,35,0,0,2400,3,1,2000,0,NA,NA,NA,NA,NA,60,0,0,0,0,1,NA,NA,350,7,7,6,450,1,400,75,75,400,400,300,0,0,0,0,0,114.3000031,87.19999695,14.95714283,-5.357142925,-1.714285731,0.7142857313,1,30.8571434,5.344523907,178.1428528,178.1428528,151.5857086,151.5857086
3043,0,0,1,1,1,0,NA,0,0,0,1,0,5,32,1,1,5200,12,1,300,0,NA,NA,NA,NA,NA,90,0,0,0,1,0,NA,NA,NA,NA,0,NA,0,NA,NA,NA,NA,NA,NA,NA,NA,NA,NA,NA,NA,NA,NA,NA,NA,NA,NA,NA,NA,NA,NA,NA,NA,NA
3044,0,0,1,0,NA,1,0.8999999762,0,0,0,1,0,3,80,0,0,2400,0,1,19100,0,NA,NA,NA,NA,NA,60,0,0,0,0,1,NA,NA,NA,NA,0,NA,NA,NA,NA,NA,NA,NA,NA,NA,NA,NA,NA,NA,NA,107.8142853,95.07936859,4.920634747,-18.79032326,0,0,3.809523821,0,2.80624342,20.63492012,20.63492012,13.66666698,13.66666698
3045,0,0,1,1,0,0,NA,0,0,0,1,1,3,29,1,1,5200,8,1,1000,0,NA,NA,NA,NA,NA,50,0,0,0,0,1,NA,NA,NA,NA,0,NA,0,NA,NA,NA,NA,NA,NA,NA,NA,NA,NA,NA,NA,NA,NA,NA,NA,NA,NA,NA,NA,NA,NA,NA,NA,NA
3046,0,0,1,0,NA,0,NA,0,0,0,1,1,4,40,0,0,7800,0,1,8000,0,NA,NA,NA,NA,NA,100,1,1,0,0,0,NA,NA,NA,NA,0,NA,NA,NA,NA,NA,NA,NA,NA,NA,NA,NA,NA,NA,NA,NA,NA,NA,NA,NA,NA,NA,NA,NA,NA,NA,NA,NA
3047,0,0,1,1,0,1,0.8999999762,0,0,0,1,1,5,39,1,1,7800,6,1,0,0,NA,NA,NA,NA,NA,80,0,0,0,0,1,NA,NA,0,0,0,0,0,0,0,NA,NA,NA,NA,300,0,0,0,0,0,183.5,88.52381134,22.22222137,-24.67741966,-9.508196831,2.419354916,35.39682388,10.95238113,3.653508663,467.6984253,338.7704773,480.0952454,135
3048,0,0,1,0,NA,1,1,0,0,0,1,0,0,52,0,0,2400,0,1,1400,0,NA,NA,NA,NA,NA,80,1,1,0,0,0,NA,NA,NA,NA,0,NA,NA,NA,NA,NA,NA,NA,NA,NA,NA,NA,NA,NA,NA,224.4714355,82.65714264,15.14285755,-96.35713959,0,0,18.1428566,1.428571463,4.847142696,11.21428585,11.21428585,7.857142925,7.857142925
3049,0,0,1,1,0,0,NA,0,0,0,1,0,0,22,0,0,12000,NA,1,0,0,NA,NA,NA,NA,NA,50,0,1,0,0,0,NA,NA,NA,NA,0,NA,0,NA,NA,NA,NA,NA,NA,NA,NA,NA,NA,NA,NA,NA,NA,NA,NA,NA,NA,NA,NA,NA,NA,NA,NA,NA
3050,0,0,1,1,0,1,0.9206349254,0,0,0,1,1,2,52,0,0,2080,0,1,20800,0,NA,NA,NA,NA,NA,50,0,0,0,0,1,NA,NA,0,0,0,0,0,0,0,NA,NA,NA,NA,300,0,0,0,0,0,55.69841385,49.05172348,0.9433962107,-4.444444656,-2.631578922,3.773584843,1.886792421,0,2.103773594,3.653846264,3.653846264,21.98275948,21.98275948
3051,0,0,1,0,NA,1,0.8999999762,0,0,0,1,1,2,20,1,1,1200,5,1,28100,0,NA,NA,NA,NA,NA,100,0,0,0,0,1,NA,NA,NA,NA,0,NA,NA,NA,NA,NA,NA,NA,NA,NA,NA,NA,NA,NA,NA,54.8571434,25.87301636,3.174603224,-10.31746006,-88.8888855,0,18.5714283,3.174603224,2.345833302,6.555555344,6.555555344,3.968253851,3.968253851
3052,0,0,1,1,0,1,1,0,0,0,1,1,5,29,1,1,7800,8,1,450,0,NA,NA,NA,NA,NA,100,0,0,0,0,1,NA,NA,0,0,0,0,0,0,NA,NA,NA,NA,NA,0,NA,0,NA,0,NA,217.4857178,118.0714264,22.4285717,-3.214285612,-55.7142868,1.428571463,30.7142849,7.857142925,8.573671341,98.41428375,98.41428375,83.57142639,83.57142639
3053,0,0,1,0,NA,1,1,0,0,0,1,1,3,25,1,1,7280,6,1,1700,0,NA,NA,NA,NA,NA,60,0,1,0,0,0,NA,NA,NA,NA,0,NA,NA,NA,NA,NA,NA,NA,NA,NA,NA,NA,NA,NA,NA,119.4571457,63.62857056,7.028571606,1.428571463,4.571428776,0,0,0,6.028846264,167.7142792,167.7142792,81.14286041,81.14286041
3054,0,0,1,1,0,1,1,0,0,0,1,1,3,59,0,0,4800,0,1,3000,0,NA,NA,NA,NA,NA,60,0,0,1,0,0,NA,NA,0,0,0,0,0,0,0,NA,NA,NA,NA,300,0,0,0,0,0,108.9142838,89.42857361,6.285714149,-37.1428566,0,100,31.4285717,0,0,0,0,0,0
3055,0,0,1,1,0,0,NA,0,0,0,1,1,5,30,0,0,1200,2,1,600,0,NA,NA,NA,NA,NA,70,0,0,0,0,1,NA,NA,NA,NA,0,NA,0,NA,NA,NA,NA,NA,NA,NA,NA,NA,NA,NA,NA,NA,NA,NA,NA,NA,NA,NA,NA,NA,NA,NA,NA,NA
3056,0,0,1,1,0,1,0.9571428299,0,0,0,1,0,4,40,1,1,12000,4,1,2500,0,NA,NA,NA,NA,NA,80,0,0,0,0,1,NA,NA,0,0,0,0,0,0,0,NA,NA,NA,NA,300,0,0,0,0,0,197.3428497,94.61193848,30.14925385,-44.40298462,-7.462686539,2.98507452,29.25373077,0,14.02964306,1061.19397,1061.19397,1589.402954,1387.719238
3057,0,0,1,0,NA,0,NA,0,NA,0,0,NA,0,NA,NA,NA,0,NA,NA,NA,NA,NA,NA,NA,NA,NA,NA,NA,NA,NA,NA,NA,NA,NA,NA,NA,0,NA,NA,NA,NA,NA,NA,NA,NA,NA,NA,NA,NA,NA,NA,NA,NA,NA,NA,NA,NA,NA,NA,NA,NA,NA,NA,NA
3058,0,0,1,0,NA,1,1,0,0,0,1,1,2,24,1,1,5200,7,1,0,0,NA,NA,NA,NA,NA,100,0,0,0,0,1,NA,NA,NA,NA,0,NA,NA,NA,NA,NA,NA,NA,NA,NA,NA,NA,NA,NA,NA,241.0857086,126.5,17.985075,6.417910576,-69.77612305,0,38.05970001,0,7.621641636,124.1791077,124.1791077,717,717
3059,0,0,1,0,NA,1,0.8857142925,0,0,0,1,0,1,34,0,0,2400,0,1,900,0,NA,NA,NA,NA,NA,100,0,1,0,0,0,NA,NA,NA,NA,0,NA,NA,NA,NA,NA,NA,NA,NA,NA,NA,NA,NA,NA,NA,107.6142883,60.61290359,15.96774197,-10.16666698,0,0,2.5,0,4.811320782,30.09836006,30.09836006,38.70967865,38.70967865
3060,0,0,1,1,0,0,NA,0,0,0,1,1,1,53,1,1,6000,4,1,49800,0,NA,NA,NA,NA,NA,50,0,0,0,0,1,NA,NA,350,3,2,3,250,0,0,125,125,NA,NA,300,0,0,0,0,0,NA,NA,NA,NA,NA,NA,NA,NA,NA,NA,NA,NA,NA
3061,0,0,1,1,0,1,0.9142857194,0,0,0,1,0,0,35,0,0,7200,0,1,0,0,NA,NA,NA,NA,NA,90,0,0,1,0,0,NA,NA,0,0,0,0,0,0,0,NA,NA,NA,NA,300,0,0,0,0,0,76.82857513,44.53125,24.33333397,-16.66666603,10,0,13.33333302,0,2.5,953.333313,953.333313,1198.125,1198.125
3062,0,0,1,1,0,0,NA,0,0,0,1,0,4,48,1,1,12000,6,1,0,0,NA,NA,NA,NA,NA,50,1,1,0,0,0,NA,NA,0,0,0,0,0,0,0,NA,NA,NA,NA,300,0,0,0,0,0,NA,NA,NA,NA,NA,NA,NA,NA,NA,NA,NA,NA,NA
3063,0,0,1,1,1,0,NA,0,0,0,1,1,0,37,0,0,6000,NA,1,0,0,NA,NA,NA,NA,NA,80,0,1,0,0,0,NA,NA,NA,NA,0,NA,0,NA,NA,NA,NA,NA,NA,NA,NA,NA,NA,NA,NA,NA,NA,NA,NA,NA,NA,NA,NA,NA,NA,NA,NA,NA
3064,0,0,1,1,1,0,NA,0,0,0,1,0,5,62,0,0,1800,0,1,6000,0,NA,NA,NA,NA,NA,50,0,0,0,0,1,NA,NA,NA,NA,0,NA,0,NA,NA,NA,NA,NA,NA,NA,NA,NA,NA,NA,NA,NA,NA,NA,NA,NA,NA,NA,NA,NA,NA,NA,NA,NA
3065,0,0,1,1,1,0,NA,0,0,0,1,0,5,42,1,0,5200,6,1,8900,0,NA,NA,NA,NA,NA,80,1,1,0,0,0,NA,NA,NA,NA,0,NA,0,NA,NA,NA,NA,NA,NA,NA,NA,NA,NA,NA,NA,NA,NA,NA,NA,NA,NA,NA,NA,NA,NA,NA,NA,NA
3066,0,0,1,0,NA,0,NA,0,0,0,1,0,2,52,0,0,12000,0,1,0,0,NA,NA,NA,NA,NA,50,0,0,0,0,1,NA,NA,NA,NA,0,NA,NA,NA,NA,NA,NA,NA,NA,NA,NA,NA,NA,NA,NA,NA,NA,NA,NA,NA,NA,NA,NA,NA,NA,NA,NA,NA
3067,0,0,1,0,NA,0,NA,0,0,0,1,0,0,32,0,0,2400,NA,1,0,0,NA,NA,NA,NA,NA,100,0,0,0,0,1,NA,NA,NA,NA,0,NA,NA,NA,NA,NA,NA,NA,NA,NA,NA,NA,NA,NA,NA,NA,NA,NA,NA,NA,NA,NA,NA,NA,NA,NA,NA,NA
3068,0,0,1,0,NA,1,0.8999999762,0,0,0,1,1,5,29,1,1,4800,7,1,0,0,NA,NA,NA,NA,NA,80,0,0,1,0,0,NA,NA,NA,NA,0,NA,NA,NA,NA,NA,NA,NA,NA,NA,NA,NA,NA,NA,NA,367.2000122,232.2698364,27.23809433,-4.761904716,-64.77777863,7.936507702,171.5872955,14.28571415,6.897883415,341.6666565,341.6666565,394.9206238,394.9206238
3069,0,0,1,0,NA,0,NA,0,NA,0,0,NA,0,NA,NA,NA,0,NA,NA,NA,NA,NA,NA,NA,NA,NA,NA,NA,NA,NA,NA,NA,NA,NA,NA,NA,0,NA,NA,NA,NA,NA,NA,NA,NA,NA,NA,NA,NA,NA,NA,NA,NA,NA,NA,NA,NA,NA,NA,NA,NA,NA,NA,NA
3070,0,0,1,0,NA,0,NA,0,0,0,1,1,2,26,1,1,13200,12,1,16900,0,NA,NA,NA,NA,NA,80,0,0,0,1,0,NA,NA,NA,NA,0,NA,NA,NA,NA,NA,NA,NA,NA,NA,NA,NA,NA,NA,NA,NA,NA,NA,NA,NA,NA,NA,NA,NA,NA,NA,NA,NA
3071,0,0,1,1,1,0,NA,1,0,1,0,1,7,49,1,1,10400,12,1,29800,0,NA,NA,NA,NA,NA,20,0,0,0,0,1,NA,NA,NA,NA,0,NA,0,NA,NA,NA,NA,NA,NA,NA,NA,NA,NA,NA,NA,NA,NA,NA,NA,NA,NA,NA,NA,NA,NA,NA,NA,NA
3072,0,0,1,0,NA,1,1,0,0,0,1,0,5,63,0,0,12000,4,1,0,0,NA,NA,NA,NA,NA,80,0,0,1,0,0,NA,NA,NA,NA,0,NA,NA,NA,NA,NA,NA,NA,NA,NA,NA,NA,NA,NA,NA,101.4571457,91.85713959,0.8571428657,NA,0,0,64.2857132,0,8.557143211,184,184,276.6000061,276.6000061
3073,0,0,1,0,NA,0,NA,0,0,0,1,1,4,35,1,1,4800,10,1,1000,0,NA,NA,NA,NA,NA,50,0,0,0,1,0,NA,NA,NA,NA,0,NA,NA,NA,NA,NA,NA,NA,NA,NA,NA,NA,NA,NA,NA,NA,NA,NA,NA,NA,NA,NA,NA,NA,NA,NA,NA,NA
3074,0,0,1,1,0,0,NA,1,0,1,0,1,7,49,1,1,4800,7,1,1200,0,NA,NA,NA,NA,NA,100,0,0,0,0,1,NA,NA,0,0,0,0,0,0,0,NA,NA,NA,NA,300,0,0,0,0,0,NA,NA,NA,NA,NA,NA,NA,NA,NA,NA,NA,NA,NA
3075,0,0,1,0,NA,1,1,0,0,0,1,1,6,25,1,0,6000,7,1,4500,0,NA,NA,NA,NA,NA,100,0,0,1,0,0,NA,NA,NA,NA,0,NA,NA,NA,NA,NA,NA,NA,NA,NA,NA,NA,NA,NA,NA,119.1571426,72.51428223,26.4285717,-8.571428299,-77.14286041,0,9.571428299,1.428571463,3.013988018,241.4285736,241.4285736,368.2142944,232.7612
3076,0,0,1,0,NA,1,1,0,0,0,1,1,4,53,1,0,1200,1,1,35700,0,NA,NA,NA,NA,NA,100,0,0,0,0,1,NA,NA,NA,NA,0,NA,NA,NA,NA,NA,NA,NA,NA,NA,NA,NA,NA,NA,NA,234.2714233,104.8571396,5.071428776,-10.21428585,-30,0,9.571428299,0.7142857313,3.995190382,79.2857132,79.2857132,65.07142639,65.07142639
3077,0,0,1,0,NA,1,1,1,0,1,0,1,1,21,1,1,4800,8,1,3800,0,NA,NA,NA,NA,NA,40,0,0,0,0,1,NA,NA,NA,NA,0,NA,NA,NA,NA,NA,NA,NA,NA,NA,NA,NA,NA,NA,NA,105.8285751,32.05714417,8.357142448,-7.285714149,10.14285755,0,4.428571224,0,3.888888836,1.857142806,1.857142806,2.142857075,2.142857075
3078,0,0,1,0,NA,1,1,0,0,0,1,1,3,26,1,1,2400,7,1,0,0,NA,NA,NA,NA,NA,50,0,1,0,0,0,NA,NA,NA,NA,0,NA,NA,NA,NA,NA,NA,NA,NA,NA,NA,NA,NA,NA,NA,267,161.8285675,35.44117737,2.794117689,58.57143021,0,205.2941132,8.823529243,4.809523582,922.3529663,714.375,1115.714233,375.9259338
3079,0,0,1,0,NA,1,0.8999999762,0,0,0,1,1,4,45,0,0,2400,3,1,14300,0,NA,NA,NA,NA,NA,50,0,0,0,0,1,NA,NA,NA,NA,0,NA,NA,NA,NA,NA,NA,NA,NA,NA,NA,NA,NA,NA,NA,46.2142868,41.03174591,0,-14.44444466,-22.53968239,0,12.6984129,0,2.662962914,150.6349182,150.6349182,173.3333282,173.3333282
3080,0,0,1,0,NA,0,NA,0,0,0,1,1,5,28,0,0,5200,0,1,300,0,NA,NA,NA,NA,NA,70,0,0,0,1,0,NA,NA,NA,NA,0,NA,NA,NA,NA,NA,NA,NA,NA,NA,NA,NA,NA,NA,NA,NA,NA,NA,NA,NA,NA,NA,NA,NA,NA,NA,NA,NA
3081,0,0,1,0,NA,0,NA,0,NA,0,0,NA,0,NA,NA,NA,0,NA,NA,NA,NA,NA,NA,NA,NA,NA,NA,NA,NA,NA,NA,NA,NA,NA,NA,NA,0,NA,NA,NA,NA,NA,NA,NA,NA,NA,NA,NA,NA,NA,NA,NA,NA,NA,NA,NA,NA,NA,NA,NA,NA,NA,NA,NA
3082,0,0,1,1,0,0,NA,0,0,0,1,1,6,45,1,1,5760,0,1,0,0,NA,NA,NA,NA,NA,100,0,0,0,1,0,NA,NA,5900,3,3,1,6000,2,3000,6000,6000,1500,1500,1200,900,0,0,0,0,NA,NA,NA,NA,NA,NA,NA,NA,NA,NA,NA,NA,NA
3083,0,0,1,1,0,0,NA,0,0,0,1,1,4,50,0,0,1200,3,1,500,0,NA,NA,NA,NA,NA,60,0,0,0,0,1,NA,NA,0,0,0,0,0,0,0,NA,NA,NA,NA,300,0,0,0,0,0,NA,NA,NA,NA,NA,NA,NA,NA,NA,NA,NA,NA,NA
3084,0,0,1,1,0,0,NA,0,0,0,1,1,5,28,1,1,2400,8,1,4000,0,NA,NA,NA,NA,NA,60,0,0,0,0,1,NA,NA,0,0,0,0,0,0,0,NA,NA,NA,NA,300,0,0,0,0,0,NA,NA,NA,NA,NA,NA,NA,NA,NA,NA,NA,NA,NA
3085,0,0,1,0,NA,1,0.8999999762,0,0,0,1,1,9,36,0,0,1200,3,1,13300,0,NA,NA,NA,NA,NA,60,1,1,0,0,0,NA,NA,NA,NA,0,NA,NA,NA,NA,NA,NA,NA,NA,NA,NA,NA,NA,NA,NA,110.6857147,53.49206161,12.25806427,-29.18032837,-2.419354916,3.225806475,15.16129017,0,3.365079403,87.21311188,87.21311188,57.06349182,57.06349182
3086,0,0,1,0,NA,1,0.9142857194,0,0,0,1,0,6,42,1,1,12000,7,1,700,0,NA,NA,NA,NA,NA,80,0,0,0,0,1,NA,NA,NA,NA,0,NA,NA,NA,NA,NA,NA,NA,NA,NA,NA,NA,NA,NA,NA,296.9142761,174.75,84.0625,309.6875,-175,-312.5,125,0,1.790624976,1312.5,678.5714111,2035.9375,121.7391281
3087,0,0,1,0,NA,0,NA,0,0,0,1,1,1,20,1,1,6000,10,1,600,0,NA,NA,NA,NA,NA,100,0,0,0,1,0,NA,NA,NA,NA,0,NA,NA,NA,NA,NA,NA,NA,NA,NA,NA,NA,NA,NA,NA,NA,NA,NA,NA,NA,NA,NA,NA,NA,NA,NA,NA,NA
3088,0,0,1,0,NA,1,0.3714285791,0,0,0,1,1,5,45,1,1,1200,7,1,4200,0,NA,NA,NA,NA,NA,80,0,0,0,1,0,NA,NA,NA,NA,0,NA,NA,NA,NA,NA,NA,NA,NA,NA,NA,NA,NA,NA,NA,51.55714417,64.42308044,0,-58,0,0,2.400000095,0,0.8000000119,1.153846145,1.153846145,0,0
3089,0,0,1,1,0,0,NA,0,0,0,1,1,5,32,1,1,3600,8,1,0,0,NA,NA,NA,NA,NA,50,0,0,0,0,1,NA,NA,0,0,0,0,0,0,0,NA,NA,NA,NA,300,0,0,0,0,0,NA,NA,NA,NA,NA,NA,NA,NA,NA,NA,NA,NA,NA
3090,0,0,1,1,0,1,0.8999999762,0,0,0,1,0,1,50,0,0,2400,1,1,600,0,NA,NA,NA,NA,NA,90,0,0,0,0,1,NA,NA,140,2,2,2,240,0,0,120,120,NA,NA,300,0,0,0,0,0,88.57142639,68.49206543,20.15872955,-51.58730316,0,0,12.6984129,0,3.507936478,296.6190491,171.0806427,254.2857208,185.8064575
3091,0,0,1,1,0,0,NA,0,0,0,1,1,3,57,0,0,13200,6,1,2000,0,NA,NA,NA,NA,NA,80,0,0,0,0,1,NA,NA,0,0,0,0,0,0,0,NA,NA,NA,NA,300,0,0,0,0,0,NA,NA,NA,NA,NA,NA,NA,NA,NA,NA,NA,NA,NA
3092,0,0,1,0,NA,0,NA,0,0,0,1,1,6,40,0,0,2400,4,1,1000,0,NA,NA,NA,NA,NA,60,1,0,0,1,0,NA,NA,NA,NA,0,NA,NA,NA,NA,NA,NA,NA,NA,NA,NA,NA,NA,NA,NA,NA,NA,NA,NA,NA,NA,NA,NA,NA,NA,NA,NA,NA
3093,0,0,1,0,NA,1,1,0,0,0,1,1,2,30,1,1,5200,6,1,11000,0,NA,NA,NA,NA,NA,50,0,0,0,0,1,NA,NA,NA,NA,0,NA,NA,NA,NA,NA,NA,NA,NA,NA,NA,NA,NA,NA,NA,57,23.5714283,5.857142925,-21,0,0,6.428571224,0,6.772125721,329.1428528,329.1428528,153.8571472,153.8571472
3094,0,0,1,1,1,1,0.8428571224,0,0,0,1,1,5,37,1,1,1200,7,1,1800,0,NA,NA,NA,NA,NA,100,0,1,0,0,0,NA,NA,NA,NA,0,NA,0,NA,NA,NA,NA,NA,NA,NA,NA,NA,NA,NA,NA,161.4428558,120.5254211,13.13559341,0.4237288237,0,0,17.62711906,10.16949177,12.61098766,282.711853,282.711853,183.8983002,183.8983002
3095,0,0,1,1,0,0,NA,0,0,0,1,0,5,35,1,1,1200,5,1,15000,0,NA,NA,NA,NA,NA,70,0,0,0,0,1,NA,NA,0,0,0,0,0,0,0,NA,NA,NA,NA,300,0,0,0,0,0,NA,NA,NA,NA,NA,NA,NA,NA,NA,NA,NA,NA,NA
3096,0,0,1,0,NA,1,0.9142857194,0,0,0,1,1,3,25,1,1,6000,7,1,300,0,NA,NA,NA,NA,NA,100,0,0,1,0,0,NA,NA,NA,NA,0,NA,NA,NA,NA,NA,NA,NA,NA,NA,NA,NA,NA,NA,NA,297.4714355,191.015625,83.4375,-78.125,-46.875,2.5,100,0,8.343489647,1588.125,704.9019775,1404.84375,748.125
3097,0,0,1,1,0,1,0.9857142568,0,0,0,1,1,0,40,0,0,1800,0,1,8600,0,NA,NA,NA,NA,NA,80,0,0,1,0,0,NA,NA,10,2,2,2,110,0,0,55,55,NA,NA,300,0,0,0,0,0,92.54285431,64.63768005,7.808823586,4.253731251,-6.567163944,0.8955224156,20.58823586,0,2.904814959,27.27272797,27.27272797,80.36231995,80.36231995
3098,0,0,1,1,0,1,0.8999999762,0,0,0,1,1,6,53,0,0,2400,0,1,900,0,NA,NA,NA,NA,NA,50,0,0,0,1,0,NA,NA,3200,8,7,5,3300,3,1000,660,500,500,500,300,0,0,0,0,0,110.0142822,100.3333359,7.063492298,-11.80327892,-19.52380943,8.730158806,10.63492107,0,5.174602985,51.03174591,51.03174591,75.84127045,75.84127045
3099,0,0,1,0,NA,0,NA,0,0,0,1,0,3,48,0,0,2400,0,1,1200,0,NA,NA,NA,NA,NA,50,0,0,0,1,0,NA,NA,NA,NA,0,NA,NA,NA,NA,NA,NA,NA,NA,NA,NA,NA,NA,NA,NA,NA,NA,NA,NA,NA,NA,NA,NA,NA,NA,NA,NA,NA
3100,0,0,1,1,0,1,1,0,0,0,1,1,4,28,1,1,12000,8,1,0,0,NA,NA,NA,NA,NA,80,0,1,0,0,0,NA,NA,3600,1,1,1,3700,0,0,3700,3700,NA,NA,36300,0,0,0,0,0,582.5571289,179.8285675,45.7142868,-10.21428585,-269.2857056,49.98571396,106.8571396,0,8.762285233,7.428571224,7.428571224,0,0
3101,0,0,1,1,1,0,NA,0,NA,0,0,NA,0,NA,NA,NA,0,NA,NA,NA,NA,NA,NA,NA,NA,NA,NA,NA,NA,NA,NA,NA,NA,NA,NA,NA,0,NA,0,NA,NA,NA,NA,NA,NA,NA,NA,NA,NA,NA,NA,NA,NA,NA,NA,NA,NA,NA,NA,NA,NA,NA,NA,NA
3102,0,0,1,1,1,0,NA,1,0,1,0,1,0,68,0,0,10400,0,1,24000,0,NA,NA,NA,NA,NA,80,0,0,0,0,1,NA,NA,NA,NA,0,NA,0,NA,NA,NA,NA,NA,NA,NA,NA,NA,NA,NA,NA,NA,NA,NA,NA,NA,NA,NA,NA,NA,NA,NA,NA,NA
3103,0,0,1,0,NA,1,0.928571403,0,0,0,1,1,8,35,0,0,3600,4,1,750,0,NA,NA,NA,NA,NA,50,0,1,0,0,0,NA,NA,NA,NA,0,NA,NA,NA,NA,NA,NA,NA,NA,NA,NA,NA,NA,NA,NA,99.32857513,77.12307739,12.41538429,-0.5172413588,-26.15384674,0,7.692307472,1.538461566,2.589641094,269.5384521,269.5384521,620,152.6315765
3104,0,0,1,1,0,1,1,0,0,0,1,1,5,40,0,0,7280,0,1,500,0,NA,NA,NA,NA,NA,50,0,0,0,0,1,NA,NA,0,1,1,1,20,0,0,20,20,NA,NA,300,0,0,0,0,0,28.17142868,10.4285717,0.571428597,0,1.714285731,4.285714149,7.142857075,0,2.798958302,38.2857132,38.2857132,18,18
3105,0,0,1,1,1,0,NA,0,0,0,1,0,3,24,1,1,240,6,1,600,0,NA,NA,NA,NA,NA,50,0,0,0,0,1,NA,NA,NA,NA,0,NA,0,NA,NA,NA,NA,NA,NA,NA,NA,NA,NA,NA,NA,NA,NA,NA,NA,NA,NA,NA,NA,NA,NA,NA,NA,NA
3106,0,0,1,0,NA,1,1,0,0,0,1,0,1,52,0,0,7280,0,1,0,0,NA,NA,NA,NA,NA,50,1,1,0,0,0,NA,NA,NA,NA,0,NA,NA,NA,NA,NA,NA,NA,NA,NA,NA,NA,NA,NA,NA,185.7285767,73.45714569,22,20.3571434,-3.571428537,0,17.4285717,1.714285731,4.884577274,158,158,132.2142792,132.2142792
3107,0,0,1,0,NA,1,1,0,0,0,1,1,5,38,1,1,18000,8,1,600,0,NA,NA,NA,NA,NA,50,0,0,0,0,1,NA,NA,NA,NA,0,NA,NA,NA,NA,NA,NA,NA,NA,NA,NA,NA,NA,NA,NA,371.2380981,171.6190491,52.8571434,40.47618866,0,0,126.9841232,0,2.142142773,1442.698364,562.0755005,2004.047607,203.4883728
3108,0,0,1,1,0,1,0.8857142925,0,0,0,1,0,3,30,1,1,10400,4,1,0,0,NA,NA,NA,NA,NA,70,0,0,1,0,0,NA,NA,1900,1,1,1,2000,0,0,2000,2000,NA,NA,300,0,0,0,0,0,19.15714264,14.8064518,0.1639344245,0,0,0,8.196721077,0,5.024333477,52.62295151,52.62295151,52.90322495,52.90322495
3109,0,0,1,1,0,1,0.9142857194,0,0,0,1,1,4,49,1,1,4800,10,1,39000,0,NA,NA,NA,NA,NA,40,0,0,0,1,0,NA,NA,1360,5,4,5,1260,0,0,315,230,NA,NA,300,0,0,0,0,0,60.11428452,34.3125,4.761904716,-6.451612949,0,0,6.774193764,0,5.220899582,49.52381134,49.52381134,25.390625,25.390625
3110,0,0,1,1,0,1,0.8999999762,0,0,0,1,1,2,24,1,1,10400,8,1,5300,0,NA,NA,NA,NA,NA,100,0,0,0,1,0,NA,NA,0,0,0,0,0,0,0,NA,NA,NA,NA,300,0,0,0,0,0,311.0571289,153.079361,34.60317612,-5.357142925,-32.5396843,0,38.09523773,22.22222137,4.680909157,260.7936401,260.7936401,538.0952148,501.612915
3111,0,0,1,0,NA,1,1,0,0,0,1,1,5,28,0,0,5200,0,1,300,0,NA,NA,NA,NA,NA,70,0,0,0,1,0,NA,NA,NA,NA,0,NA,NA,NA,NA,NA,NA,NA,NA,NA,NA,NA,NA,NA,NA,306.5714417,64.74603271,51.8103447,-24.64912224,-26.92307663,0,16.10169411,6.896551609,4.221367359,12.9629631,12.9629631,41.90476227,41.90476227
3112,0,0,1,1,1,0,NA,0,0,0,1,1,5,36,1,1,4800,6,1,0,0,NA,NA,NA,NA,NA,90,0,0,0,0,1,NA,NA,NA,NA,0,NA,0,NA,NA,NA,NA,NA,NA,NA,NA,NA,NA,NA,NA,NA,NA,NA,NA,NA,NA,NA,NA,NA,NA,NA,NA,NA
3113,0,0,1,0,NA,1,0.8999999762,0,0,0,1,1,1,29,1,1,10400,8,1,0,0,NA,NA,NA,NA,NA,80,1,1,0,0,0,NA,NA,NA,NA,0,NA,NA,NA,NA,NA,NA,NA,NA,NA,NA,NA,NA,NA,NA,97.09999847,28.09523773,9.836065292,20.66666603,-3.278688431,0,37.70491791,0,2.387345791,69.34426117,69.34426117,80.31745911,80.31745911
3114,0,0,1,1,0,0,NA,0,0,0,1,1,5,32,1,1,1200,8,1,0,0,NA,NA,NA,NA,NA,100,0,0,0,1,0,NA,NA,NA,NA,0,NA,0,NA,NA,NA,NA,NA,NA,NA,NA,NA,NA,NA,NA,NA,NA,NA,NA,NA,NA,NA,NA,NA,NA,NA,NA,NA
3115,0,0,1,0,NA,1,1,1,0,1,0,1,6,32,1,1,5200,8,1,1200,0,NA,NA,NA,NA,NA,100,0,0,0,0,1,NA,NA,NA,NA,0,NA,NA,NA,NA,NA,NA,NA,NA,NA,NA,NA,NA,NA,NA,663.1571655,295.1000061,78.42857361,0.2857142985,59.3571434,0,37.1428566,22.8571434,3.961666584,3000.642822,940.3125,2074.128662,130
3116,0,0,1,0,NA,1,0.9365079403,0,0,0,1,1,0,32,0,0,5200,NA,1,0,0,NA,NA,NA,NA,NA,10,0,0,0,0,1,NA,NA,NA,NA,0,NA,NA,NA,NA,NA,NA,NA,NA,NA,NA,NA,NA,NA,NA,77.30158997,46.89830399,0,-4.237287998,-6.44067812,0,16.10169411,0,3.704081535,36.69491577,36.69491577,38.16949081,38.16949081
3117,0,0,1,1,1,0,NA,0,0,0,1,0,4,31,1,1,7800,10,1,4250,0,NA,NA,NA,NA,NA,50,0,1,0,0,0,NA,NA,NA,NA,0,NA,0,NA,NA,NA,NA,NA,NA,NA,NA,NA,NA,NA,NA,NA,NA,NA,NA,NA,NA,NA,NA,NA,NA,NA,NA,NA
3118,0,0,1,0,NA,1,0.9714285731,0,0,0,1,1,7,38,0,0,5200,5,1,2000,0,NA,NA,NA,NA,NA,50,0,1,0,0,0,NA,NA,NA,NA,0,NA,NA,NA,NA,NA,NA,NA,NA,NA,NA,NA,NA,NA,NA,85.92857361,62.36764526,11.19117641,-18.28358269,-22.83582115,0,0.74626863,2.238806009,4.534098148,150.7462616,150.7462616,170.4411774,170.4411774
3119,0,0,1,0,NA,1,1,0,0,0,1,1,2,48,0,0,2400,0,1,19150,0,NA,NA,NA,NA,NA,70,0,0,0,0,1,NA,NA,NA,NA,0,NA,NA,NA,NA,NA,NA,NA,NA,NA,NA,NA,NA,NA,NA,46.84127045,37.19047546,0.8730158806,-35.2678566,-8.571428299,0,0.793650806,0,1.03174603,0,0,0,0
3120,0,0,1,1,1,1,0.8999999762,0,0,0,1,1,7,50,0,1,1200,0,1,0,0,NA,NA,NA,NA,NA,50,0,0,0,1,0,NA,NA,NA,NA,0,NA,0,NA,NA,NA,NA,NA,NA,NA,NA,NA,NA,NA,NA,190.1714325,122.7619019,15.15873051,-104.6031723,-14.1935482,3.650793552,31.58730125,1.984126925,4.225609779,8.253968239,8.253968239,4.177419186,4.177419186
3121,0,0,1,0,NA,1,0.9142857194,0,0,0,1,1,3,30,1,1,2600,7,1,14000,0,NA,NA,NA,NA,NA,100,0,0,0,0,1,NA,NA,NA,NA,0,NA,NA,NA,NA,NA,NA,NA,NA,NA,NA,NA,NA,NA,NA,45.15714264,19.703125,7.539682388,-0.3571428657,-20.15872955,0,0,1.746031761,4.552856922,0,0,0,0
3122,0,0,1,0,NA,1,0.9428571463,0,0,0,1,0,4,55,1,1,3600,6,1,14600,0,NA,NA,NA,NA,NA,40,0,0,1,0,0,NA,NA,NA,NA,0,NA,NA,NA,NA,NA,NA,NA,NA,NA,NA,NA,NA,NA,NA,407.9571533,227.5606079,52.57575607,-1.969696999,0,0,63.48484802,0,4.641666889,1212.424194,233.5,1123.121216,256.5357056
3123,0,0,1,1,1,1,1,0,0,0,1,1,5,42,1,1,2400,6,1,2550,0,NA,NA,NA,NA,NA,50,0,1,0,0,0,NA,NA,NA,NA,0,NA,0,NA,NA,NA,NA,NA,NA,NA,NA,NA,NA,NA,NA,149.8857117,61.07143021,8.428571701,-56.8571434,-13.71428585,0,14.71428585,0,2.614285707,35.7142868,35.7142868,34.5,34.5
3124,0,0,1,1,1,1,1,0,0,0,1,1,4,49,0,0,2400,0,1,0,0,NA,NA,NA,NA,NA,50,0,1,0,0,0,NA,NA,NA,NA,0,NA,0,NA,NA,NA,NA,NA,NA,NA,NA,NA,NA,NA,NA,73,28.8571434,9.428571701,-34.1428566,0,0,2.142857075,0,5.2560606,135.8571472,135.8571472,45.8571434,45.8571434
3125,0,0,1,1,0,1,1,0,0,0,1,0,3,50,0,0,4800,0,1,450,0,NA,NA,NA,NA,NA,50,0,0,0,0,1,NA,NA,0,0,0,0,0,0,0,NA,NA,NA,NA,300,0,0,0,0,0,82.34920502,64.90476227,0.4761904776,-92.53968048,0,0,11.11111069,0,3.71164012,10.31746006,10.31746006,11.73015881,11.73015881
3126,0,0,1,0,NA,1,0.8999999762,0,0,0,1,1,7,38,1,1,2400,7,1,2000,0,NA,NA,NA,NA,NA,100,0,0,1,0,0,NA,NA,NA,NA,0,NA,NA,NA,NA,NA,NA,NA,NA,NA,NA,NA,NA,NA,NA,182.7142792,121.2698441,13.96825409,-6.714285851,-5.555555344,0,62.69841385,1.90476191,5.862962723,204.4444427,204.4444427,382.6984253,382.6984253
3127,0,0,1,0,NA,0,NA,0,0,0,1,0,8,52,0,0,1200,2,1,2400,0,NA,NA,NA,NA,NA,50,1,1,0,0,0,NA,NA,NA,NA,0,NA,NA,NA,NA,NA,NA,NA,NA,NA,NA,NA,NA,NA,NA,NA,NA,NA,NA,NA,NA,NA,NA,NA,NA,NA,NA,NA
3128,0,0,1,1,0,0,NA,0,0,0,1,1,6,45,1,1,13200,8,1,21500,0,NA,NA,NA,NA,NA,70,1,1,0,0,0,NA,NA,0,0,0,0,0,0,0,NA,NA,NA,NA,300,0,0,0,0,0,NA,NA,NA,NA,NA,NA,NA,NA,NA,NA,NA,NA,NA
3129,0,0,1,1,0,1,1,0,0,0,1,1,9,42,0,0,7280,0,1,2400,0,NA,NA,NA,NA,NA,50,0,0,0,0,1,NA,NA,0,0,0,0,0,0,0,NA,NA,NA,NA,300,0,0,0,0,0,53.68571472,22.34285736,2.342857122,34.2857132,-0.2857142985,0,27.1428566,0,1.716666698,25.1428566,25.1428566,48.57143021,48.57143021
3130,0,0,1,1,0,0,NA,0,0,0,1,1,2,35,1,1,10400,8,1,5100,0,NA,NA,NA,NA,NA,50,1,1,0,0,0,NA,NA,NA,NA,0,NA,0,NA,NA,NA,NA,NA,NA,NA,NA,NA,NA,NA,NA,NA,NA,NA,NA,NA,NA,NA,NA,NA,NA,NA,NA,NA
3131,0,0,1,1,1,0,NA,0,0,0,1,1,2,35,1,1,10400,11,1,0,0,NA,NA,NA,NA,NA,80,0,0,1,0,0,NA,NA,NA,NA,0,NA,0,NA,NA,NA,NA,NA,NA,NA,NA,NA,NA,NA,NA,NA,NA,NA,NA,NA,NA,NA,NA,NA,NA,NA,NA,NA
3132,0,0,1,0,NA,1,0.9142857194,0,0,0,1,1,4,38,1,1,2400,6,1,2500,0,NA,NA,NA,NA,NA,80,0,1,0,0,0,NA,NA,NA,NA,0,NA,NA,NA,NA,NA,NA,NA,NA,NA,NA,NA,NA,NA,NA,115.3571396,100.671875,5.476190567,-3.333333254,0,0,10.39682579,0,3.754237175,111.5873032,111.5873032,94.1875,94.1875
3133,0,0,1,0,NA,0,NA,0,0,0,1,1,5,34,1,1,6000,7,1,0,0,NA,NA,NA,NA,NA,100,0,0,0,0,1,NA,NA,NA,NA,0,NA,NA,NA,NA,NA,NA,NA,NA,NA,NA,NA,NA,NA,NA,0,NA,NA,NA,NA,NA,NA,NA,NA,NA,NA,NA,NA
3134,0,0,1,1,0,1,0.9523809552,0,0,0,1,1,7,40,1,1,12000,7,1,2800,0,NA,NA,NA,NA,NA,80,0,0,0,0,1,NA,NA,1500,2,2,2,1600,0,0,800,800,NA,NA,300,0,0,0,0,0,345.2539673,163.3333282,44.4642868,11.16071415,0,28.5714283,88.39286041,1.25,6.396725178,1333.410767,1333.410767,1635.75,1112.727295
3135,0,0,1,1,1,0,NA,0,0,0,1,1,5,25,1,1,10400,8,1,4300,0,NA,NA,NA,NA,NA,100,0,1,0,0,0,NA,NA,NA,NA,0,NA,0,NA,NA,NA,NA,NA,NA,NA,NA,NA,NA,NA,NA,NA,NA,NA,NA,NA,NA,NA,NA,NA,NA,NA,NA,NA
3136,0,0,1,1,0,1,0.8857142925,0,0,0,1,1,3,48,1,1,10400,6,1,20900,0,NA,NA,NA,NA,NA,100,0,0,0,0,1,NA,NA,0,0,0,0,0,0,0,NA,NA,NA,NA,300,0,0,0,0,0,350.5142822,160.9838715,46.06557465,-4.629629612,-8.196721077,0,21.72131157,2.786885262,6.659574509,108.6065598,108.6065598,75.80644989,75.80644989
3137,0,0,1,1,0,1,0.8999999762,0,0,0,1,0,3,38,0,0,2400,NA,1,150,0,NA,NA,NA,NA,NA,50,1,1,0,0,0,NA,NA,100,1,1,1,200,0,0,200,200,NA,NA,300,0,0,0,0,0,31.04285622,22.15872955,3.225806475,-5.806451797,0,0,0,0,3.204081535,21.47541046,21.47541046,15.55555534,15.55555534
3138,0,0,1,0,NA,1,1,1,0,1,0,0,3,50,0,0,1200,3,1,3000,0,NA,NA,NA,NA,NA,50,0,0,0,0,1,NA,NA,NA,NA,0,NA,NA,NA,NA,NA,NA,NA,NA,NA,NA,NA,NA,NA,NA,197.4285736,142.1428528,49.25396729,17.69841194,101.5079346,0,48.88888931,0,6.166666508,243.9285736,243.9285736,303.2539673,303.2539673
3139,0,0,1,0,NA,1,0.9142857194,0,0,0,1,1,4,23,1,1,7800,6,1,600,0,NA,NA,NA,NA,NA,50,0,0,0,1,0,NA,NA,NA,NA,0,NA,NA,NA,NA,NA,NA,NA,NA,NA,NA,NA,NA,NA,NA,140.9142914,87.953125,9.523809433,-8.730158806,-10.31746006,3.174603224,22.22222137,0,5.578787804,176.5079346,176.5079346,141.5625,141.5625
3140,0,0,1,1,1,0,NA,1,0,1,0,NA,0,NA,0,0,7800,NA,1,0,0,NA,NA,NA,NA,NA,50,0,1,0,0,0,NA,NA,NA,NA,0,NA,0,NA,NA,NA,NA,NA,NA,NA,NA,NA,NA,NA,NA,NA,NA,NA,NA,NA,NA,NA,NA,NA,NA,NA,NA,NA
3141,0,0,1,1,0,1,0.9857142568,0,0,0,1,1,1,21,1,1,2400,10,1,3600,0,NA,NA,NA,NA,NA,70,0,0,0,0,1,NA,NA,700,4,4,4,800,0,0,200,200,NA,NA,300,0,0,0,0,0,213.0285645,79.92753601,37.6417923,-15.55072498,-36.19403076,2.98507452,20,7.462686539,6.794117451,143.2835846,143.2835846,73.91304016,73.91304016
3142,0,0,1,0,NA,0,NA,1,0,1,0,1,3,30,1,1,2600,7,1,6000,0,NA,NA,NA,NA,NA,40,0,0,0,1,0,NA,NA,NA,NA,0,NA,NA,NA,NA,NA,NA,NA,NA,NA,NA,NA,NA,NA,NA,NA,NA,NA,NA,NA,NA,NA,NA,NA,NA,NA,NA,NA
3143,0,0,1,1,0,0,NA,1,0,1,0,0,8,30,1,1,2600,8,1,21500,0,NA,NA,NA,NA,NA,40,0,0,0,0,1,NA,NA,NA,NA,0,NA,0,NA,NA,NA,NA,NA,NA,NA,NA,NA,NA,NA,NA,NA,NA,NA,NA,NA,NA,NA,NA,NA,NA,NA,NA,NA
3144,0,0,1,1,0,1,1,0,0,0,1,1,0,25,1,1,2400,6,1,0,0,NA,NA,NA,NA,NA,70,0,0,0,0,1,NA,NA,900,3,2,3,700,0,0,350,350,NA,NA,300,0,0,0,0,0,49.08571243,31.79999924,3.285714388,-4.285714149,-7.142857075,0,6.428571224,0,2.741071463,137.1428528,0,42.8571434,0
3145,0,0,1,0,NA,1,0.9571428299,0,0,0,1,1,2,27,1,1,6000,7,1,200,0,NA,NA,NA,NA,NA,50,0,0,0,0,1,NA,NA,NA,NA,0,NA,NA,NA,NA,NA,NA,NA,NA,NA,NA,NA,NA,NA,NA,155.7142792,72.41790771,32.83581924,-2.74242425,-26.96969604,0,50,4.090909004,2.87677598,57.27272797,57.27272797,36.41791153,36.41791153
3146,0,0,1,1,1,0,NA,0,0,0,1,1,5,30,1,1,1200,7,1,600,0,NA,NA,NA,NA,NA,30,0,0,0,0,1,NA,NA,NA,NA,0,NA,0,NA,NA,NA,NA,NA,NA,NA,NA,NA,NA,NA,NA,NA,NA,NA,NA,NA,NA,NA,NA,NA,NA,NA,NA,NA
3147,0,0,1,0,NA,1,1,1,0,1,0,1,5,53,1,1,2400,8,1,1000,0,NA,NA,NA,NA,NA,50,0,0,0,0,1,NA,NA,NA,NA,0,NA,NA,NA,NA,NA,NA,NA,NA,NA,NA,NA,NA,NA,NA,176.1571503,111.3000031,28.7142849,17.1428566,8.928571701,0,12.85714245,0.8571428657,4.580952168,335.4285583,335.4285583,237.1428528,237.1428528
3148,0,0,1,0,NA,0,NA,0,0,0,1,1,4,55,0,0,5200,3,1,0,0,NA,NA,NA,NA,NA,100,0,0,0,1,0,NA,NA,NA,NA,0,NA,NA,NA,NA,NA,NA,NA,NA,NA,NA,NA,NA,NA,NA,NA,NA,NA,NA,NA,NA,NA,NA,NA,NA,NA,NA,NA
3149,0,0,1,0,NA,1,1,0,0,0,1,1,2,22,1,1,2400,8,1,200,0,NA,NA,NA,NA,NA,50,0,0,1,0,0,NA,NA,NA,NA,0,NA,NA,NA,NA,NA,NA,NA,NA,NA,NA,NA,NA,NA,NA,72.64286041,33.57143021,7.463768005,-2.058823586,-23.52941132,0,11.30434799,0,3.065384626,182.8260803,182.8260803,288.8571472,288.8571472
3150,0,0,1,0,NA,1,1,0,0,0,1,1,7,38,1,1,6000,6,1,1000,0,NA,NA,NA,NA,NA,80,0,0,0,0,1,NA,NA,NA,NA,0,NA,NA,NA,NA,NA,NA,NA,NA,NA,NA,NA,NA,NA,NA,133.8000031,56.82857132,7.058823586,-50.73529434,-4.411764622,0,14.70588207,1.470588207,4.096447945,63.82352829,63.82352829,82.2857132,82.2857132
3151,0,0,1,1,0,1,0.8857142925,0,0,0,1,1,5,32,0,0,6000,7,1,4500,0,NA,NA,NA,NA,NA,50,0,0,0,1,0,NA,NA,600,3,3,3,700,0,0,233.3333282,200,NA,NA,300,0,0,0,0,0,318.9571533,173.3548431,42.17741776,-6.935483932,-18.70967674,6.451612949,4.838709831,0.8064516187,6.763441086,150.4098358,150.4098358,155.4032288,155.4032288
3152,0,0,1,1,1,0,NA,1,0,1,0,1,1,26,1,1,7280,6,1,2100,0,NA,NA,NA,NA,NA,80,0,0,0,0,1,NA,NA,NA,NA,0,NA,0,NA,NA,NA,NA,NA,NA,NA,NA,NA,NA,NA,NA,NA,NA,NA,NA,NA,NA,NA,NA,NA,NA,NA,NA,NA
3153,0,0,1,0,NA,1,0.8999999762,0,0,0,1,0,1,60,0,0,2400,0,1,5000,0,NA,NA,NA,NA,NA,70,0,0,0,0,1,NA,NA,NA,NA,0,NA,NA,NA,NA,NA,NA,NA,NA,NA,NA,NA,NA,NA,NA,54.15714264,42.68254089,7.285714149,-10.79365063,-3.428571463,0,3.809523821,0,2.400793552,21.90476227,21.90476227,13.96825409,13.96825409
3154,0,0,1,1,0,1,0.9142857194,0,0,0,1,0,0,42,1,1,1200,5,1,3000,0,NA,NA,NA,NA,NA,60,0,0,0,0,1,NA,NA,0,0,0,0,0,0,0,NA,NA,NA,NA,300,0,0,0,0,0,101.0142822,49.515625,27.34375,5.079365253,0,0,68.73015594,0,2.784920692,19.20634842,19.20634842,72.1875,72.1875
3155,0,0,1,0,NA,1,0.9571428299,0,0,0,1,1,5,37,1,1,4800,12,1,58200,0,NA,NA,NA,NA,NA,50,0,0,0,1,0,NA,NA,NA,NA,0,NA,NA,NA,NA,NA,NA,NA,NA,NA,NA,NA,NA,NA,NA,274.842865,94.77612305,21.26865578,-86.56716156,-102.6865692,-25.37313461,81.49253845,0,4.84873724,1005.596985,713.2258301,861.9701538,586.6721191
3156,0,0,1,0,NA,0,NA,0,0,0,1,1,5,37,1,1,5200,12,1,65000,0,NA,NA,NA,NA,NA,100,0,0,1,0,0,NA,NA,NA,NA,0,NA,NA,NA,NA,NA,NA,NA,NA,NA,NA,NA,NA,NA,NA,NA,NA,NA,NA,NA,NA,NA,NA,NA,NA,NA,NA,NA
3157,0,0,1,0,NA,1,0.8999999762,0,0,0,1,1,6,40,1,1,480,7,1,6500,0,NA,NA,NA,NA,NA,50,0,0,0,1,0,NA,NA,NA,NA,0,NA,NA,NA,NA,NA,NA,NA,NA,NA,NA,NA,NA,NA,NA,444.9428711,143.7301636,26.50793648,-33.49206161,-15.55555534,0,4.444444656,62.69841385,7.035714149,126.1904755,126.1904755,185.2380981,185.2380981
3158,0,0,1,0,NA,1,1,0,0,0,1,1,7,37,1,1,1200,6,1,2000,0,NA,NA,NA,NA,NA,80,0,0,0,0,1,NA,NA,NA,NA,0,NA,NA,NA,NA,NA,NA,NA,NA,NA,NA,NA,NA,NA,NA,62.31428528,44.25714111,2.857142925,-32.8571434,-34.2857132,0,5.714285851,0,2.028571367,0,0,0,0
3159,0,0,1,1,1,0,NA,0,0,0,1,1,5,56,1,1,2400,5,1,1200,0,NA,NA,NA,NA,NA,70,0,0,0,0,1,NA,NA,NA,NA,0,NA,0,NA,NA,NA,NA,NA,NA,NA,NA,NA,NA,NA,NA,NA,NA,NA,NA,NA,NA,NA,NA,NA,NA,NA,NA,NA
3160,0,0,1,1,0,1,0.8999999762,0,0,0,1,0,4,50,0,0,1200,0,1,1000,0,NA,NA,NA,NA,NA,50,1,1,0,0,0,NA,NA,1000,6,6,6,1100,0,0,183.3333282,200,NA,NA,300,0,0,0,0,0,71.97142792,53.15872955,2.460317373,-8.5,0,0,4.603174686,0,4.241935253,88.41269684,88.41269684,43.09523773,43.09523773
3161,0,0,1,0,NA,1,0.8999999762,0,0,0,1,1,3,27,1,1,1200,10,1,1500,0,NA,NA,NA,NA,NA,50,0,0,0,0,1,NA,NA,NA,NA,0,NA,NA,NA,NA,NA,NA,NA,NA,NA,NA,NA,NA,NA,NA,444.4285583,231.9365082,94.44444275,4.761904716,-101.5873032,0,53.96825409,0,3.515872955,404.2857056,404.2857056,528.4127197,301.5254211
3162,0,0,1,1,0,0,NA,0,0,0,1,1,4,21,1,1,3000,4,1,3500,0,NA,NA,NA,NA,NA,80,0,1,0,0,0,NA,NA,0,0,0,0,0,0,0,NA,NA,NA,NA,300,0,0,0,0,0,NA,NA,NA,NA,NA,NA,NA,NA,NA,NA,NA,NA,NA